,STARTDATE,ELAPSED,USERID,EVENTID,EVENT_DESC,WORKSPACEID,WS_DESC,TRANSACTIONTYPE,CORE_ID,HR_ORGANIZATION,LOCATION,USER_ROLE,MAG_CODE,ELAPSED_normalized,score
53,2019-03-05 16:37:05,108.247,245567140,x84sljJzv,Team Allocation, ,Exception,1,NXF51167,HPMS.STI,IN-BLR01-s1,_PM+RM,RC9,0.07707705705392487,5.0770810943
106,2019-03-06 10:15:11,15.367,8922889,x84sljJzv,Team Allocation, ,Exception,0,ATP02221,HPMS.CBS,DE-HBG02,_PM+RM,RD4,0.010723820369043445,2.8376801201
131,2019-03-06 14:57:28,15.002,7631748,x84sljJzv,Team Allocation, ,Exception,1,NLV03630,HPMS.AAA,NL-NYM01-s1,_PMO+RM,R16,0.010463065293785245,2.8022543363
179,2019-03-07 06:15:01,11.585,63656,x84sljJzv,Team Allocation, ,Exception,1,B33280,T&O.TO-PT,MY-KUL01,_PM+RM,RKN,0.008021969150888606,2.3165827585
200,2019-03-07 08:44:21,13.82,8556645,x84sljJzv,Team Allocation, ,Exception,1,NLV08316,HPMS.IDA,NL-NYM01-s1,_Resource Manager,RA1,0.009618647488428549,2.6559680613
295,2019-03-07 18:05:45,12.865,8925075,x84sljJzv,Team Allocation, ,Exception,1,NXA33775,HPMS.OPS,US-IVN03,_PM+RM,RC9,0.00893639790795846,2.5153626706
310,2019-03-07 20:39:20,51.551,60790,x84sljJzv,Team Allocation, ,Exception,0,RA0857,HPMS.MICR,US-AUS01,_PMO+RM,RMC,0.03657357829546194,4.4557619002
312,2019-03-07 20:53:51,17.06,60790,x84sljJzv,Team Allocation, ,Exception,1,RA0857,HPMS.MICR,US-AUS01,_PMO+RM,RMC,0.01193329527976162,3.0075520502
355,2019-03-08 08:54:57,13.85,3262040,x84sljJzv,Team Allocation, ,Exception,0,ATP01764,HPMS.STI,AT-GRK01-s1,_Resource Manager,RC9,0.009640079412422373,2.6599902986
523,2019-03-11 07:53:33,12.584,8942571,x84sljJzv,Team Allocation, ,Exception,0,NLV10891,HPMS.AAA,NL-HTC01-s1,_PMO+RM,R16,0.00873565221988297,2.4689981412
632,2019-03-11 13:48:02,18.361,147107305,x84sljJzv,Team Allocation, ,Exception,1,NXF43948,T&O.SSC-GTI,US-AUS01,_PM+RM,RF9,0.012862726383627156,3.1242833476
645,2019-03-11 14:53:33,15.304,8935279,x84sljJzv,Team Allocation, ,Exception,1,NLV05872,HPMS.SIP,NL-NYM01-s1,_PMO+RM,RM5,0.010678813328656413,2.8314394039
731,2019-03-12 09:23:41,29.284,11066945,x84sljJzv,Team Allocation, ,Exception,0,SNEHA_DM,The Support IT.A Support PMO,NXP-REMOTE,_Core Team Support User,,0.020666089909778744,3.8310420536
903,2019-03-13 08:52:26,35.399,60246,x84sljJzv,Team Allocation, ,Exception,1,R62660,HPMS.MICR,CN-BJS01,_PM+RM,RMC,0.02503463041718669,4.0710639656
997,2019-03-13 16:52:17,12.122,8700022,x84sljJzv,Team Allocation, ,Exception,1,NXF09116,HPMS.STI,US-SAN03,_PM+RM,RC9,0.008405600590378069,2.3977988162
1084,2019-03-14 11:31:34,17.361,8794783,x84sljJzv,Team Allocation, ,Exception,1,NLV03607,HPMS.SIP,NL-NYM01-s1,_PM+RM,RM5,0.01214832891716633,3.033516705
1165,2019-03-15 06:13:47,18.321,180977915,x84sljJzv,Team Allocation, ,Exception,1,NXF42918,HPMS.MICR,US-AUS01,_PMO+RM,RMC,0.012834150484968724,3.1211498027
1379,2019-03-18 06:08:13,14.904,8557595,x84sljJzv,Team Allocation, ,Exception,1,NXP99374,HPMS.IDA,IN-BLR01-s1,_Resource Manager,RA1,0.010393054342072083,2.7930443815
1442,2019-03-18 09:45:08,11.323,8718323,x84sljJzv,Team Allocation, ,Exception,1,NXP87130,HPMS.STI,AT-GRK01-s1,_PM+RM,RC9,0.00783479701467587,2.2749695574
1605,2019-03-19 11:30:07,11.233,8701075,x84sljJzv,Team Allocation, ,Exception,1,NXP07708,HPMS.SIP,IN-BLR01-s1,_PM+RM,RM5,0.007770501242694394,2.2618232789
1644,2019-03-19 16:01:49,12.236,8952610,x84sljJzv,Team Allocation, ,Exception,1,FRQ04701,HPMS.AAA,FR-TLS02,_PM+RM,RB4,0.008487041901554603,2.415545318
1684,2019-03-20 08:34:36,14.601,10782842,x84sljJzv,Team Allocation, ,Exception,0,NXF28689,HPMS.AMP,IN-NDA02,_PM+RM,RNG,0.010176591909734453,2.7522349125
1734,2019-03-20 16:30:35,13.613,245567140,x84sljJzv,Team Allocation, ,Exception,1,NXF51167,HPMS.STI,IN-BLR01-s1,_PM+RM,RC9,0.009470767212871158,2.630793656
1825,2019-03-21 15:14:34,40.641,7631748,x84sljJzv,Team Allocation, ,Exception,1,NLV03630,HPMS.AAA,NL-NYM01-s1,_PMO+RM,R16,0.028779501936374335,4.2196625577
2174,2019-03-26 12:10:15,16.614,9609652,x84sljJzv,Team Allocation, ,Exception,0,RZEM60,T&O.TO-FO,US-AUS02,_Resource Manager,RAT,0.011614674009720095,2.9672819348
2311,2019-03-27 14:10:07,45.436,8798744,x84sljJzv,Team Allocation, ,Exception,1,NLV15624,T&O.SSC-GTI,NL-NYM01-s1,_PM+RM,RF9,0.032205037788053996,4.3393141271
2346,2019-03-27 23:01:02,11.694,58944,x84sljJzv,Team Allocation, ,Exception,1,RXEM10,"HPMS.Kechichian, Kevork - NXF53803",US-AUS01,_PM+RM,RNG,0.008099838474732836,2.331397417
2394,2019-03-28 12:51:46,12.384,8711508,x84sljJzv,Team Allocation, ,Exception,1,NXP52773,HPMS.CBS,AT-GRK01-s1,_PM+RM,RD4,0.008592772726590803,2.4390889464
2538,2019-03-31 08:15:18,12.398,8556620,x84sljJzv,Team Allocation, ,Exception,1,DEP10304,HPMS.IDA,DE-HBG02,_Resource Manager,RRA,0.008602774291121256,2.4409711718
2550,2019-04-01 05:19:49,23.388,62100,x84sljJzv,Team Allocation, ,Exception,0,B53450,HPMS.STI,IN-BLR01-s1,_PM+RM,RC9,0.016454002447525724,3.5065801042
2869,2019-04-02 15:32:07,17.814,60790,x84sljJzv,Team Allocation, ,Exception,1,RA0857,HPMS.MICR,US-AUS01,_PMO+RM,RMC,0.012471950969473084,3.0755961645
3031,2019-04-04 08:04:20,28.372,7210541,x84sljJzv,Team Allocation, ,Exception,1,DEP15373,HPMS.SEN,DE-HBG02,_PMO+RM,R53,0.020014559420366472,3.7911064092
3057,2019-04-04 09:42:29,18.022,7210743,x84sljJzv,Team Allocation, ,Exception,0,NXP86355,HPMS.RPS,NL-NYM01-s1,_PMO+RM,R77,0.012620545642496935,3.0932457973
3097,2019-04-04 15:18:08,952.667,60111,x84sljJzv,Team Allocation, ,Exception,0,B08502,HPMS.MICR,RO-BUH03,_PM+RM,RMC,0.6803285656827748,5.809007247
3167,2019-04-05 09:35:36,21.291,8931898,x84sljJzv,Team Allocation, ,Exception,1,NXP51149,HPMS.STI,AT-GRK01-s1,_Resource Manager,RC9,0.014955910960357373,3.3516889854
3300,2019-04-08 04:40:51,12.151,19511734,x84sljJzv,Team Allocation, ,Exception,1,NXF31173,HPMS.CBS,IN-BLR01-s1,_Resource Manager,R88,0.008426318116905432,2.401432843
3313,2019-04-08 06:06:46,19.317,138977378,x84sljJzv,Team Allocation, ,Exception,1,NXF44200,HPMS.STI,IN-BLR01-s1,_PM+RM,RC9,0.013545690361563703,3.2022665071
3315,2019-04-08 06:11:52,20.334,3265597,x84sljJzv,Team Allocation, ,Exception,1,NXP15183,HPMS.STI,AT-GRK01-s1,_Resource,RC9,0.014272232584954362,3.281783422
3330,2019-04-08 07:15:00,21.101,8557595,x84sljJzv,Team Allocation, ,Exception,1,NXP99374,HPMS.IDA,IN-BLR01-s1,_Resource Manager,RA1,0.014820175441729816,3.3382606721
3347,2019-04-08 07:36:59,84.453,8697348,x84sljJzv,Team Allocation, ,Exception,0,ING02203,T&O.TO-PT,IN-BLR01-s1,_PM+RM+Portfolio,RPT,0.060078683736956004,4.8973234708
3444,2019-04-08 12:21:36,159.336,257138781,x84sljJzv,Team Allocation, ,Exception,1,deepika_ro,The Support IT.A Support PMO,,_Core Team User,,0.11357490921794197,5.3001369203
3491,2019-04-08 15:47:19,13.644,8706120,x84sljJzv,Team Allocation, ,Exception,1,NXP29279,HPMS.SIP,CN-SHA01-s1,_PM+RM,R67,0.009492913534331444,2.6345242357
3588,2019-04-09 11:53:20,21.529,7210541,x84sljJzv,Team Allocation, ,Exception,1,DEP15373,HPMS.SEN,DE-HBG02,_PMO+RM,R53,0.015125937557375048,3.3688593164
3670,2019-04-10 06:09:20,13.198,257138781,x84sljJzv,Team Allocation, ,Exception,0,deepika_ro,The Support IT.A Support PMO,,_Core Team User,,0.009174292264289915,2.5665626003
3879,2019-04-11 14:37:25,12.108,9625601,x84sljJzv,Team Allocation, ,Exception,0,B36144,T&O.TO-FO,US-AUS02,_PMO+RM,RAT,0.008395599025847618,2.3961425348
3905,2019-04-11 20:50:49,39.833,9622556,x84sljJzv,Team Allocation, ,Exception,1,R20110,T&O.TO-FO,US-AUS02,_PMO+RM,RAT,0.028202268783473986,4.1991972742
3983,2019-04-12 08:44:13,16.959,3262040,x84sljJzv,Team Allocation, ,Exception,0,ATP01764,HPMS.STI,AT-GRK01-s1,_Resource Manager,RC9,0.011861141135649077,2.9990721748
4034,2019-04-12 12:07:41,0.859,8925085,x84sljJzv,Team Allocation, ,Exception,1,DEP11210,HPMS.OPS,DE-HBG02,_Resource Manager,RC9,0.055381520394976076,4.8366556471
4061,2019-04-12 14:28:08,2.518,8720501,x84sljJzv,Team Allocation, ,Exception,1,NXP90642,HPMS.STI,US-SJO01-s1,_PM+RM+Portfolio,RC9,0.09423759859578035,5.2018123094
4162,2019-04-15 08:15:24,2.641,19511734,x84sljJzv,Team Allocation, ,Exception,1,NXF31173,HPMS.CBS,IN-BLR01-s1,_Resource Manager,R88,0.007973390123169269,2.3071308079
4237,2019-04-15 14:03:04,1.335,8687255,x84sljJzv,Team Allocation, ,Exception,1,DEP10906,HPMS.STI,DE-HBG02,_PMO+RM,RC9,0.008313443317204622,2.3823913181
4304,2019-04-15 20:56:02,4.482,60790,x84sljJzv,Team Allocation, ,Exception,0,RA0857,HPMS.MICR,US-AUS01,_PMO+RM,RMC,0.01553314411325772,3.4120967723
4326,2019-04-15 22:45:56,1.684,11066939,x84sljJzv,Team Allocation, ,Exception,1,JANNINE_DM,The Support IT.A Support PMO,NXP-REMOTE,_Core Team Support User,,0.010523074680967954,2.8100670421
4343,2019-04-16 06:34:02,2.467,17548761,x84sljJzv,Team Allocation, ,Exception,1,NXF35513,HPMS.STI,AT-GRK01-s1,<No Rights>,RC9,0.009370037170100182,2.6084829673
4405,2019-04-16 11:08:01,0.666,62100,x84sljJzv,Team Allocation, ,Exception,1,B53450,HPMS.STI,IN-BLR01-s1,_PM+RM,RC9,0.05608591629690646,4.8459179656
4557,2019-04-17 09:42:59,4.214,8556620,x84sljJzv,Team Allocation, ,Exception,0,DEP10304,HPMS.IDA,DE-HBG02,_Resource Manager,RRA,0.024650284580230764,4.053031919
4571,2019-04-17 11:16:49,1.442,10782842,x84sljJzv,Team Allocation, ,Exception,1,NXF28689,HPMS.AMP,IN-NDA02,_PM+RM,RNG,0.18762720739887168,5.5076350252
4579,2019-04-17 11:45:41,1.146,8925514,x84sljJzv,Team Allocation, ,Exception,1,NXP29574,HPMS.OPS,AT-GRK01-s1,_Resource Manager,RC9,0.01741558143738199,3.5888403023
5091,2019-04-23 06:30:24,1.28,8963011,x84sljJzv,Team Allocation, ,Exception,1,NXP89731,HPMS.CBS,NL-HTC01-s1,_PM+RM,R88,0.015891057243954593,3.4457551869
5156,2019-04-23 13:54:01,0.686,1998069,x84sljJzv,Team Allocation, ,Exception,1,nxp007828,T&O.SSC-GTI,NL-HTC01-s1,_PMO+RM,R89,0.008997836090074093,2.5267749476
5210,2019-04-24 07:25:47,1.284,58699,x84sljJzv,Team Allocation, ,Exception,1,TTT576,HPMS.SEN,FR-TLS02,_Resource Manager,RSE,0.008969260191415659,2.5217630036
5301,2019-04-24 18:48:39,1.354,4245433,x84sljJzv,Team Allocation, ,Exception,1,B60078,HPMS.SEN,US-CHD01,_PMO+RM,RSE,0.01952876914317311,3.7580212053
5327,2019-04-25 06:43:09,2.115,7631998,x84sljJzv,Team Allocation, ,Exception,0,NXP73005,HPMS.AAA,AT-GRK01-s1,_PMO+RM,R62,0.03054406367853257,4.2856651584
5392,2019-04-25 13:31:25,0.574,31279389,x84sljJzv,Team Allocation, ,Exception,1,NXF41825,HPMS.STI,IN-BLR01-s1,_Resource Manager,RC9,0.011041012844152051,2.8861000884
5531,2019-04-26 14:32:23,1.046,8700775,x84sljJzv,Team Allocation, ,Exception,1,NXF23910,HPMS.STI,AT-GRK01-s1,_Resource Manager,RC9,0.017286989893419043,3.5788532022
5557,2019-04-26 19:38:00,0.814,56603,x84sljJzv,Team Allocation, ,Exception,1,RA0937,"HPMS.Kechichian, Kevork - NXF53803",US-AUS01,_PMO+RM,RP2,0.05225746027414289,4.7911013212
5566,2019-04-26 21:47:48,4.608,8922726,x84sljJzv,Team Allocation, ,Exception,0,NXF06750,HPMS.STI,US-IVN03,_PM+RM,RC9,0.009426474569950587,2.621947947
5724,2019-04-29 16:16:35,7.479,60803,x84sljJzv,Team Allocation, ,Exception,1,RZWB50,"HPMS.Kechichian, Kevork - NXF53803",US-AUS01,_Resource Manager,RMC,0.014287234931750041,3.2837422528
5741,2019-04-29 19:20:41,0.701,60894,x84sljJzv,Team Allocation, ,Exception,1,RP1776,CORP.SSC-HRM,US-AUS01,_PM+RM+Portfolio,RY3,0.040754232269190685,4.5674850794
5879,2019-05-01 20:11:00,2.395,59568,x84sljJzv,Team Allocation, ,Exception,1,RFVP50,HPMS.DN,US-AUS01,_PMO+RM,RNG,0.013650706789133445,3.2157982525
5892,2019-05-02 03:58:41,1.464,8926302,x84sljJzv,Team Allocation, ,Exception,1,NXA04773,HPMS.SIP,US-CHD01,_Resource Manager,RD9,0.008882818097973899,2.5026247149
5926,2019-05-02 09:39:02,0.9,10782842,x84sljJzv,Team Allocation, ,Exception,1,NXF28689,HPMS.AMP,IN-NDA02,_PM+RM,RNG,0.008925681945961548,2.5133435499
5954,2019-05-02 13:46:18,1.179,20465652,x84sljJzv,Team Allocation, ,Exception,1,NXF36872,"HPMS.Kechichian, Kevork - NXF53803",DE-MUC02,_Resource Manager,RP2,0.008332017651332603,2.385621387
5982,2019-05-02 21:11:56,1.918,60037,x84sljJzv,Team Allocation, ,Exception,1,B22774,HPMS.MICR,US-AUS01,_PMO+RM,RMC,0.0795074372348246,5.0969308418
6029,2019-05-03 10:34:02,0.83,57150,x84sljJzv,Team Allocation, ,Exception,1,R53662,"HPMS.Kechichian, Kevork - NXF53803",IN-NDA02,_Resource Manager,RP2,0.03764803208501902,4.4741249616
6105,2019-05-03 20:08:15,2.881,58611,x84sljJzv,Team Allocation, ,Exception,0,RXHR70,HPMS.AAA,US-CHD01,_Resource Manager,RPM,0.009557923703779378,2.6457886676
6267,2019-05-06 16:16:47,3.73,56954,x84sljJzv,Team Allocation, ,Exception,1,B36293,"HPMS.Kechichian, Kevork - NXF53803",US-AUS01,_Resource Manager,RP2,0.012909876616413568,3.1305065571
6326,2019-05-07 00:29:02,3.333,8715120,x84sljJzv,Team Allocation, ,Exception,1,NXP79085,HPMS.SIP,US-CHD01,_Resource Manager,RD9,0.013096334355159844,3.1515074542
6350,2019-05-07 06:09:29,1.5,3261824,x84sljJzv,Team Allocation, ,Exception,1,ATP50549,HPMS.STI,AT-GRK01-s1,_PMO+RM,RC9,0.009483626367267453,2.6329547209
6401,2019-05-07 10:58:44,5.13,7631748,x84sljJzv,Team Allocation, ,Exception,0,NLV03630,HPMS.AAA,NL-NYM01-s1,_PMO+RM,R16,0.03871391310497857,4.5131586618
6404,2019-05-07 11:19:38,4.733,7631998,x84sljJzv,Team Allocation, ,Exception,0,NXP73005,HPMS.AAA,AT-GRK01-s1,_PMO+RM,R62,0.01640970980460515,3.5017397546
6414,2019-05-07 12:54:16,7.351,2169324,x84sljJzv,Team Allocation, ,Exception,1,nlv20413,T&O.TO-PT,NL-HTC01-s1,_PMO+RM,RPT,0.010288752311968801,2.7744520764
6694,2019-05-13 06:51:26,2.368,17548761,x84sljJzv,Team Allocation, ,Exception,1,NXF35513,HPMS.STI,AT-GRK01-s1,<No Rights>,RC9,0.013440673933993964,3.1903468893
6711,2019-05-13 07:27:19,1.418,8928343,x84sljJzv,Team Allocation, ,Exception,1,NXA04432,HPMS.STI,AT-GRK01-s1,_PM+RM,RC9,0.007796219551486984,2.266690192
6742,2019-05-13 08:40:17,3.885,8700775,x84sljJzv,Team Allocation, ,Exception,1,NXF23910,HPMS.STI,AT-GRK01-s1,_Resource Manager,RC9,0.011123882950261507,2.8975395331
6786,2019-05-13 09:47:37,3.953,8935710,x84sljJzv,Team Allocation, ,Exception,1,FRQ05146,"HPMS.Kechichian, Kevork - NXF53803",FR-CFR02-s1,_PMO+RM,R25,0.007901235979056726,2.2893195507
6843,2019-05-13 12:21:37,6.035,58002,x84sljJzv,Team Allocation, ,Exception,0,R30132,HPMS.IDA,FR-TLS02,_Resource Manager,RRA,0.00835559276772581,2.3897705242
6847,2019-05-13 12:35:48,0.544,60875,x84sljJzv,Team Allocation, ,Exception,1,B54537,"HPMS.Kechichian, Kevork - NXF53803",FR-MGI01,_Resource Manager,RMC,0.01100457857336255,2.8811051722
7047,2019-05-14 14:23:14,1.176,56603,x84sljJzv,Team Allocation, ,Exception,1,RA0937,"HPMS.Kechichian, Kevork - NXF53803",US-AUS01,_PMO+RM,RP2,0.01302275141611438,3.1432806188
7119,2019-05-15 12:34:33,1.442,8942571,x84sljJzv,Team Allocation, ,Exception,1,NLV10891,HPMS.AAA,NL-HTC01-s1,_PMO+RM,R16,0.02881164982236507,4.2207981426
7146,2019-05-15 17:48:21,4.194,61274,x84sljJzv,Team Allocation, ,Exception,1,B20832,"HPMS.Kechichian, Kevork - NXF53803",BR-CPQ01,_Resource Manager,RMC,0.06493087132915792,4.9563884953
7257,2019-05-16 14:56:39,0.752,8686154,x84sljJzv,Team Allocation, ,Exception,1,DEP08626,HPMS.STI,DE-HBG02,_PM+RM,RC9,0.01081526324475043,2.8517476307
7270,2019-05-16 18:03:03,0.873,60790,x84sljJzv,Team Allocation, ,Exception,1,RA0857,HPMS.MICR,US-AUS01,_PMO+RM,RMC,0.012332643463513223,3.0579270505
7329,2019-05-17 07:00:46,2.007,7631998,x84sljJzv,Team Allocation, ,Exception,1,NXP73005,HPMS.AAA,AT-GRK01-s1,_PMO+RM,R62,0.025899765749070748,4.1093182074
7340,2019-05-17 08:08:33,1.131,61763,x84sljJzv,Team Allocation, ,Exception,1,B17931,HPMS.MICR,CN-SHA02,_Resource Manager,RMC,0.009199296175616045,2.5732869644
7368,2019-05-17 10:38:10,5.248,63126,x84sljJzv,Team Allocation, ,Exception,1,B37350,T&O.TO-PT,RU-MOW02,_PM+RM+Portfolio,RPT,0.0676941607294284,4.9862046705
7384,2019-05-17 11:49:42,0.865,3265355,x84sljJzv,Team Allocation, ,Exception,1,NXP32477,HPMS.STI,AT-GRK01-s1,_PM+RM,RC9,0.009210726535079417,2.575323625
7659,2019-05-21 07:08:23,0.621,57202,x84sljJzv,Team Allocation, ,Exception,1,B36492,"HPMS.Kechichian, Kevork - NXF53803",IN-NDA02,_Resource Manager,RP2,0.01079811770555537,2.8493549394
7663,2019-05-21 07:38:25,0.942,22944023,x84sljJzv,Team Allocation, ,Exception,1,NXF38695,HPMS.STI,AT-GRK01-s1,_Resource Manager,RC9,0.00807840655073901,2.3272639128
7733,2019-05-21 14:26:45,1.719,60111,x84sljJzv,Team Allocation, ,Exception,1,B08502,HPMS.MICR,RO-BUH03,_PM+RM,RMC,0.4324919398105847,5.7293404421
7827,2019-05-22 12:36:48,6.298,8559777,x84sljJzv,Team Allocation, ,Exception,1,USB06090,HPMS.IDA,NL-NYM01-s1,_Resource Manager,RG4,0.008354878370259349,2.389645169
8075,2019-05-26 12:00:18,3.315,10782842,x84sljJzv,Team Allocation, ,Exception,1,NXF28689,HPMS.AMP,IN-NDA02,_PM+RM,RNG,0.010328044172624149,2.780153755
8087,2019-05-27 06:06:36,1.008,3261824,x84sljJzv,Team Allocation, ,Exception,1,ATP50549,HPMS.STI,AT-GRK01-s1,_PMO+RM,RC9,0.03001398075841864,4.2666402714
8101,2019-05-27 07:34:14,1.757,8935706,x84sljJzv,Team Allocation, ,Exception,1,NXA02264,HPMS.SIP,BE-LEU01-s1,_PMO+RM,RM5,0.013042754545175284,3.1454991707
8355,2019-05-28 18:38:06,1.784,9622556,x84sljJzv,Team Allocation, ,Exception,1,R20110,T&O.TO-FO,US-AUS02,_PMO+RM,RAT,0.016641174583738455,3.5232535705
8577,2019-05-30 21:25:17,1.173,59568,x84sljJzv,Team Allocation, ,Exception,1,RFVP50,HPMS.DN,US-AUS01,_PMO+RM,RNG,0.07522176683352612,5.0582000357
8702,2019-06-03 08:13:18,0.825,8688137,x84sljJzv,Team Allocation, ,Exception,1,DEP11234,CORP.SSC-HRM,DE-HBG02,<No Rights>,RZ8,0.00790552236385549,2.2901314766
8871,2019-06-04 09:37:39,1.428,13417882,x84sljJzv,Team Allocation, ,Exception,1,NXF31779,HPMS.STI,IN-BLR01-s1,_PM+RM,RC9,0.028586614620429912,4.2129431822
9189,2019-06-07 11:52:17,1.456,8925514,x84sljJzv,Team Allocation, ,Exception,1,NXP29574,HPMS.OPS,AT-GRK01-s1,_Resource Manager,RC9,0.016551874900430853,3.5151065994
9406,2019-06-11 07:57:36,1.144,3262112,x84sljJzv,Team Allocation, ,Exception,1,NXP84335,HPMS.STI,DE-MUC02,_PM+RM,RC9,0.0078962351967915,2.2883856594
9488,2019-06-11 19:32:38,0.427,62050,x84sljJzv,Team Allocation, ,Exception,1,TTZ231,T&O.SSC-GTI,US-AUS01,_Resource Manager,RF9,0.01304204014770882,3.1454185387
9490,2019-06-11 19:54:15,18.612,56603,x84sljJzv,Team Allocation, ,Exception,1,RA0937,"HPMS.Kechichian, Kevork - NXF53803",US-AUS01,_PMO+RM,RP2,0.008717792283221448,2.465581907
9516,2019-06-12 07:34:24,1.727,8796268,x84sljJzv,Team Allocation, ,Exception,1,NLV04912,T&O.SSC-GTI,NL-HTC01-s1,_PM+RM,RF9,0.04558498793739879,4.6746440379
9651,2019-06-13 08:23:46,1.018,60030,x84sljJzv,Team Allocation, ,Exception,1,BCOSTIN1,HPMS.AMP,RO-BUH03,_PM+RM,RP2,0.017806356851536063,3.623611733
9790,2019-06-14 05:58:45,3.422,8929821,x84sljJzv,Team Allocation, ,Exception,0,ING07336,HPMS.STI,IN-BLR01-s1,_Resource Manager,RC9,0.03165923812367792,4.3226488937
9877,2019-06-14 09:53:40,1.828,7631998,x84sljJzv,Team Allocation, ,Exception,1,NXP73005,HPMS.AAA,AT-GRK01-s1,_PMO+RM,R62,0.015123794364975665,3.3686522326
10013,2019-06-14 15:01:58,2.26,3265133,x84sljJzv,Team Allocation, ,Exception,1,ATP02202,HPMS.STI,AT-GRK01-s1,_PM+RM,RC9,0.009710090364135535,2.6765160833
10174,2019-06-27 11:35:13,1.491,8922830,x84sljJzv,Team Allocation, ,Exception,0,NXP37459,HPMS.CBS,NL-HTC01-s1,_PM+RM,RD4,0.008462752387694934,2.411258875
10236,2019-06-28 07:17:44,1.334,3904193,x84sljJzv,Team Allocation, ,Exception,1,NXA00158,T&O.SSC-GTI,DE-HBG02,_PMO+RM,RF9,0.012479809341604153,3.0765246651
10243,2019-06-28 08:14:35,3.498,8677768,x84sljJzv,Team Allocation, ,Exception,1,ATP01403,HPMS.STI,AT-GRK01-s1,_Resource Manager,RC9,0.2418628342576446,5.5833791343
10335,2019-06-28 20:11:06,1.199,22944171,x84sljJzv,Team Allocation, ,Exception,1,NXF39157,HPMS.SIP,US-SJO01-s1,_Resource Manager,R67,0.01573460419879967,3.4305376923
10411,2019-07-01 07:14:47,0.768,8794922,x84sljJzv,Team Allocation, ,Exception,1,NLV04220,HPMS.CBS,NL-NYM01-s1,_PM+RM,R88,0.009112139684707823,2.5485186986
10429,2019-07-01 08:14:49,1.477,57696,x84sljJzv,Team Allocation, ,Exception,1,B22877,HPMS.AMP,DE-MUC02,_PM+RM,RP2,0.008575627187395744,2.4341652804
10478,2019-07-01 11:30:46,1.786,8709831,x84sljJzv,Team Allocation, ,Exception,1,NXP42905,HPMS.STI,AT-GRK01-s1,_Resource Manager,RC9,0.008114126424062052,2.3374990767
10566,2019-07-01 21:12:24,2.303,22945814,x84sljJzv,Team Allocation, ,Exception,1,NXF39853,T&O.TO-FO,US-AUS02,_PMO+RM,RAT,0.01007800505936286,2.736729564
10589,2019-07-02 07:04:21,3.033,8928343,x84sljJzv,Team Allocation, ,Exception,1,NXA04432,HPMS.STI,AT-GRK01-s1,_PM+RM,RC9,0.026529864314489195,4.1352303035
10624,2019-07-02 10:16:45,1.933,3265355,x84sljJzv,Team Allocation, ,Exception,0,NXP32477,HPMS.STI,AT-GRK01-s1,_PM+RM,RC9,0.019502336436914063,3.756278551
10650,2019-07-02 11:44:09,2.609,8706691,x84sljJzv,Team Allocation, ,Exception,0,NXP30098,HPMS.STI,IN-BLR01-s1,_PM+RM,RC9,0.008213427671900106,2.3640055483
10663,2019-07-02 12:44:01,8.521,8706691,x84sljJzv,Team Allocation, ,Exception,1,NXP30098,HPMS.STI,IN-BLR01-s1,_PM+RM,RC9,0.01138749561538555,2.9335651935
10691,2019-07-02 14:54:21,2.547,3265133,x84sljJzv,Team Allocation, ,Exception,1,ATP02202,HPMS.STI,AT-GRK01-s1,_PM+RM,RC9,0.1308361808025684,5.3671821918
10747,2019-07-03 06:36:47,2.222,56996,x84sljJzv,Team Allocation, ,Exception,1,B22586,"HPMS.Kechichian, Kevork - NXF53803",IN-NDA02,_Resource Manager,RP2,0.014405824911182539,3.2954318102
10907,2019-07-04 06:16:26,3.122,11066945,x84sljJzv,Team Allocation, ,Exception,1,SNEHA_DM,The Support IT.A Support PMO,NXP-REMOTE,_Core Team Support User,,0.01827285839713498,3.6627214408
10948,2019-07-04 08:56:06,1.366,17548761,x84sljJzv,Team Allocation, ,Exception,1,NXF35513,HPMS.STI,AT-GRK01-s1,<No Rights>,RC9,0.013929321801053166,3.2449631824
10965,2019-07-04 09:45:58,1.917,3261824,x84sljJzv,Team Allocation, ,Exception,1,ATP50549,HPMS.STI,AT-GRK01-s1,_PMO+RM,RC9,0.013921463428922098,3.2441634221
10970,2019-07-04 09:49:35,1.146,8688137,x84sljJzv,Team Allocation, ,Exception,1,DEP11234,CORP.SSC-HRM,DE-HBG02,<No Rights>,RZ8,0.008654925306172895,2.4533801165
10995,2019-07-04 11:24:28,1.993,8559777,x84sljJzv,Team Allocation, ,Exception,1,USB06090,HPMS.IDA,NL-NYM01-s1,_Resource Manager,RG4,0.011757553503012259,2.9866007331
11017,2019-07-04 12:48:46,4.536,57154,x84sljJzv,Team Allocation, ,Exception,1,B37715,"HPMS.Kechichian, Kevork - NXF53803",IN-NDA02,_Resource Manager,RP2,0.008038400292617204,2.3185569634
11080,2019-07-04 22:26:20,1.69,10439519,x84sljJzv,Team Allocation, ,Exception,0,NXF28560,"HPMS.Kechichian, Kevork - NXF53803",US-AUS01,_Resource Manager,RP2,0.03771732863926572,4.4757542523
11111,2019-07-05 07:09:50,1.566,59694,x84sljJzv,Team Allocation, ,Exception,1,R66101,"HPMS.Kechichian, Kevork - NXF53803",IN-NDA02,_PM+RM,RP2,1.0,5.8666864398
11134,2019-07-05 08:39:52,0.803,3261936,x84sljJzv,Team Allocation, ,Exception,1,DEP05690,HPMS.STI,DE-HBG02,_Resource Manager,RC9,0.017141252810261035,3.5657799109
11144,2019-07-05 09:07:32,5.082,3265138,x84sljJzv,Team Allocation, ,Exception,0,NXP37887,HPMS.STI,AT-GRK01-s1,_PMO+RM,RC9,0.03360668561725014,4.3811852798
11333,2019-07-08 05:33:40,1.413,138977378,x84sljJzv,Team Allocation, ,Exception,1,NXF44200,HPMS.STI,IN-BLR01-s1,_PM+RM,RC9,0.008975689768613807,2.5224305858
11340,2019-07-08 06:05:35,2.564,1073514,x84sljJzv,Team Allocation, ,Exception,1,B57103,"HPMS.Kechichian, Kevork - NXF53803",IN-NDA02,_PM+RM,RP2,0.012838436869767489,3.121619346
11419,2019-07-08 10:13:35,1.67,7631748,x84sljJzv,Team Allocation, ,Exception,1,NLV03630,HPMS.AAA,NL-NYM01-s1,_PMO+RM,R16,0.2846509561138493,5.6277424638
11516,2019-07-08 22:40:45,2.031,57991,x84sljJzv,Team Allocation, ,Exception,1,B08380,HPMS.AAA,US-CHD01,_PMO+RM,RB4,0.008455608413030325,2.4100545592
11578,2019-07-09 11:19:30,1.033,8930703,x84sljJzv,Team Allocation, ,Exception,1,NXP21263,HPMS.STI,AT-GRK01-s1,_PM+RM,RC9,0.041892267433262784,4.5943743766
11670,2019-07-10 07:32:23,3.453,60246,x84sljJzv,Team Allocation, ,Exception,0,R62660,HPMS.MICR,CN-BJS01,_PM+RM,RMC,0.23878020918986614,5.5799310415
11730,2019-07-10 14:00:38,2.919,7210541,x84sljJzv,Team Allocation, ,Exception,1,DEP15373,HPMS.SEN,DE-HBG02,_PMO+RM,R53,0.009860828229558768,2.7003984492
11788,2019-07-11 07:13:41,0.933,223980625,x84sljJzv,Team Allocation, ,Exception,1,NXF47919,HPMS.STI,AT-GRK01-s1,_Resource Manager,RC9,0.009285738269057804,2.5936673976
12081,2019-07-13 04:52:08,2.326,10439519,x84sljJzv,Team Allocation, ,Exception,0,NXF28560,"HPMS.Kechichian, Kevork - NXF53803",US-AUS01,_Resource Manager,RP2,0.010603087197211565,2.8210026352
12098,2019-07-15 05:41:15,2.195,57194,x84sljJzv,Team Allocation, ,Exception,1,B47676,"HPMS.Kechichian, Kevork - NXF53803",IN-NDA02,_Resource Manager,RP2,0.01750345232575667,3.5996910532
12103,2019-07-15 06:14:50,3.866,62225,x84sljJzv,Team Allocation, ,Exception,1,B20971,HPMS.MICR,RO-BUH03,_Resource Manager,RMC,0.008824951903190572,2.4880732575
12104,2019-07-15 06:26:42,3.548,7631998,x84sljJzv,Team Allocation, ,Exception,0,NXP73005,HPMS.AAA,AT-GRK01-s1,_PMO+RM,R62,0.008129843168324189,2.3405229389
12121,2019-07-15 07:44:01,2.544,62225,x84sljJzv,Team Allocation, ,Exception,1,B20971,HPMS.MICR,RO-BUH03,_Resource Manager,RMC,0.01630683656943479,3.4926297576
12246,2019-07-15 17:02:41,2.384,163949604,x84sljJzv,Team Allocation, ,Exception,0,NXF44647,"HPMS.Kechichian, Kevork - NXF53803",US-AUS01,_PMO+RM,RP2,0.00929931182092056,2.5959903883
12252,2019-07-15 17:35:04,2.235,163949604,x84sljJzv,Team Allocation, ,Exception,1,NXF44647,"HPMS.Kechichian, Kevork - NXF53803",US-AUS01,_PMO+RM,RP2,0.00786194411840138,2.2807745668
12258,2019-07-15 19:31:20,5.253,62745,x84sljJzv,Team Allocation, ,Exception,1,B36319,T&O.TO-PT,US-CHD01,_Resource Manager,RG6,0.010795974513155988,2.84905733
12346,2019-07-16 10:47:46,1.993,8956694,x84sljJzv,Team Allocation, ,Exception,0,NLV04283,T&O.TO-PT,NL-NYM01-s1,_PMO+RM,RG6,0.009587213999904273,2.6508182622
12352,2019-07-16 11:41:13,1.076,8935758,x84sljJzv,Team Allocation, ,Exception,1,NXP49421,HPMS.STI,IN-BLR01-s1,_PM+RM,RC9,0.056661720654873876,4.8517975113
12478,2019-07-17 17:07:46,1.698,56613,x84sljJzv,Team Allocation, ,Exception,1,RXNH40,HPMS.AMP,US-AUS01,_Resource Manager,RP2,0.00793195507011454,2.2975467037
12503,2019-07-18 07:08:28,4.951,8559799,x84sljJzv,Team Allocation, ,Exception,1,NXP51469,HPMS.IDA,DE-HBG02,_Resource Manager,RRA,0.00954935093418185,2.6443751565
12504,2019-07-18 07:09:43,10.35,8559799,x84sljJzv,Team Allocation, ,Exception,1,NXP51469,HPMS.IDA,DE-HBG02,_Resource Manager,RRA,0.008858528584114232,2.4972618346
12511,2019-07-18 07:26:45,0.945,1998069,x84sljJzv,Team Allocation, ,Exception,1,nxp007828,T&O.SSC-GTI,NL-HTC01-s1,_PMO+RM,R89,0.01467872474337057,3.3242549066
12528,2019-07-18 08:59:32,0.747,3265239,x84sljJzv,Team Allocation, ,Exception,1,NXA00051,HPMS.STI,GB-EKB02,_Resource Manager,RC9,0.04529065618121693,4.6689603136
12545,2019-07-18 11:15:51,3.225,17548761,x84sljJzv,Team Allocation, ,Exception,0,NXF35513,HPMS.STI,AT-GRK01-s1,<No Rights>,RC9,0.021664817567890977,3.8933411136
12657,2019-07-19 11:20:24,4.714,60455,x84sljJzv,Team Allocation, ,Exception,1,B35906,HPMS.STI,IN-BLR01-s1,_PM+RM,RC9,0.0081569902720497,2.3457824644
12703,2019-07-22 01:21:30,1.513,61373,x84sljJzv,Team Allocation, ,Exception,1,B21150,"HPMS.Kechichian, Kevork - NXF53803",CN-TNJ04,_Resource Manager,RMC,0.010877415824332524,2.8606008041
12758,2019-07-22 09:40:04,2.307,9485623,x84sljJzv,Team Allocation, ,Exception,1,NLV05967,T&O.TO-FO,NL-NYM01-s1,_PMO+RM,REA,0.008537049724206859,2.4269415956
12861,2019-07-23 06:25:05,1.638,8706691,x84sljJzv,Team Allocation, ,Exception,1,NXP30098,HPMS.STI,IN-BLR01-s1,_PM+RM,RC9,0.015705313902674777,3.4279858189
12869,2019-07-23 07:18:09,2.298,3262983,x84sljJzv,Team Allocation, ,Exception,1,NXP69668,HPMS.STI,AT-GRK01-s1,_Resource Manager,RC9,0.033558106589530796,4.3799054437
12903,2019-07-23 10:19:09,5.798,11066945,x84sljJzv,Team Allocation, ,Exception,0,SNEHA_DM,The Support IT.A Support PMO,NXP-REMOTE,_Core Team Support User,,0.012158330481696782,3.0347033842
12940,2019-07-23 17:39:33,1.685,59568,x84sljJzv,Team Allocation, ,Exception,1,RFVP50,HPMS.DN,US-AUS01,_PMO+RM,RNG,0.03458898213363377,4.4080112481
12967,2019-07-24 05:58:29,0.523,3265260,x84sljJzv,Team Allocation, ,Exception,1,ATP01767,HPMS.STI,AT-GRK01-s1,_Resource Manager,RC9,0.12677054482093983,5.3528435471
12979,2019-07-24 07:39:25,1.182,59714,x84sljJzv,Team Allocation, ,Exception,1,R49242,"HPMS.Kechichian, Kevork - NXF53803",IN-NDA02,_PM+RM,RNG,0.02200272756952695,3.9126331856
12986,2019-07-24 08:28:55,2.332,8687255,x84sljJzv,Team Allocation, ,Exception,0,DEP10906,HPMS.STI,DE-HBG02,_PMO+RM,RC9,0.007973390123169269,2.3071308079
13100,2019-07-25 09:55:39,7.197,257138781,x84sljJzv,Team Allocation, ,Exception,1,deepika_ro,The Support IT.A Support PMO,,_Core Team User,,0.012137612955169418,3.0322544686
13101,2019-07-25 09:59:27,1.602,58934,x84sljJzv,Team Allocation, ,Exception,1,R49267,"HPMS.Kechichian, Kevork - NXF53803",IN-NDA02,_PM+RM,RNG,0.011076732717475094,2.891009987
13130,2019-07-25 15:35:03,0.528,60997,x84sljJzv,Team Allocation, ,Exception,1,RA5598,"HPMS.Kechichian, Kevork - NXF53803",US-AUS01,_Resource Manager,RMC,0.008215570864299488,2.3644049315
13131,2019-07-25 15:52:28,1.287,3178549,x84sljJzv,Team Allocation, ,Exception,1,B57076,T&O.TO-FO,US-AUS02,_Resource Manager,RAT,0.05401273484923714,4.817817763
13194,2019-07-26 08:46:05,2.783,8693044,x84sljJzv,Team Allocation, ,Exception,0,FRQ04517,HPMS.OPS,FR-CFR02-s1,_PM+RM,RC9,0.007821223462813113,2.271355106
13197,2019-07-26 08:54:02,3.422,8693044,x84sljJzv,Team Allocation, ,Exception,0,FRQ04517,HPMS.OPS,FR-CFR02-s1,_PM+RM,RC9,0.06614034623987611,4.9698296153
13220,2019-07-26 10:58:27,0.619,8710353,x84sljJzv,Team Allocation, ,Exception,1,NXP48601,HPMS.CBS,NL-HTC01-s1,_PM+RM,R88,0.31279678749747286,5.65318679
13233,2019-07-26 11:41:47,9.524,58066,x84sljJzv,Team Allocation, ,Exception,0,B09288,HPMS.AAA,FR-TLS02,_PM+RM,RB4,0.009477196790069305,2.6318651424
13282,2019-07-26 18:28:27,0.772,163949604,x84sljJzv,Team Allocation, ,Exception,1,NXF44647,"HPMS.Kechichian, Kevork - NXF53803",US-AUS01,_PMO+RM,RP2,0.00814770310498571,2.3439822944
13328,2019-07-29 04:56:24,4.596,59742,x84sljJzv,Team Allocation, ,Exception,0,R58653,"HPMS.Kechichian, Kevork - NXF53803",IN-NDA02,_PM+RM,RNG,0.014055770152616732,3.2577139774
13355,2019-07-29 07:52:52,1.123,10439242,x84sljJzv,Team Allocation, ,Exception,1,NXF27735,HPMS.IDA,NL-NYM01-s1,_PMO+RM,RA1,0.012771283507920169,3.1124028027
13371,2019-07-29 09:02:07,0.735,8930703,x84sljJzv,Team Allocation, ,Exception,1,NXP21263,HPMS.STI,AT-GRK01-s1,_PM+RM,RC9,0.010141586433877872,2.7470697468
13374,2019-07-29 09:29:05,0.868,8711508,x84sljJzv,Team Allocation, ,Exception,1,NXP52773,HPMS.CBS,AT-GRK01-s1,_PM+RM,RD4,0.0538019875966312,4.8149102988
13454,2019-07-29 15:54:13,1.882,8928343,x84sljJzv,Team Allocation, ,Exception,1,NXA04432,HPMS.STI,AT-GRK01-s1,_PM+RM,RC9,0.012914163001212335,3.1305212787
13473,2019-07-29 19:13:44,5.739,60803,x84sljJzv,Team Allocation, ,Exception,1,RZWB50,"HPMS.Kechichian, Kevork - NXF53803",US-AUS01,_Resource Manager,RMC,0.017424868604445982,3.5895646683
13526,2019-07-30 08:03:46,1.182,59697,x84sljJzv,Team Allocation, ,Exception,1,R63249,"HPMS.Kechichian, Kevork - NXF53803",IN-NDA02,_PM+RM,RNG,0.00819128135043982,2.3531868053
13617,2019-07-31 01:54:55,2.222,61645,x84sljJzv,Team Allocation, ,Exception,1,B46522,HPMS.MICR,CN-SHA02,_Resource Manager,RMC,0.2958655675423513,5.6382868125
13622,2019-07-31 04:30:59,1.288,57169,x84sljJzv,Team Allocation, ,Exception,1,B41536,"HPMS.Kechichian, Kevork - NXF53803",IN-NDA02,_Resource Manager,RP2,0.019079413136769252,3.7259958803
13633,2019-07-31 05:31:41,2.794,7631998,x84sljJzv,Team Allocation, ,Exception,0,NXP73005,HPMS.AAA,AT-GRK01-s1,_PMO+RM,R62,0.00786194411840138,2.2807745668
13635,2019-07-31 06:11:41,11.361,62083,x84sljJzv,Team Allocation, ,Exception,0,B37717,"HPMS.Kechichian, Kevork - NXF53803",IN-NDA02,_Resource Manager,RMC,0.008912822791565253,2.5082460406
13686,2019-07-31 11:13:07,1.749,8796006,x84sljJzv,Team Allocation, ,Exception,1,NLV04650,T&O.TO-FO,NL-NYM01-s1,_Resource Manager,R86,0.011953298408822526,3.0098892936
13751,2019-07-31 18:13:04,1.532,61049,x84sljJzv,Team Allocation, ,Exception,1,ECM008,HPMS.MICR,US-AUS01,_PM+RM,RMC,0.009207154547747114,2.5746881327
13759,2019-07-31 20:19:49,1.347,22945814,x84sljJzv,Team Allocation, ,Exception,1,NXF39853,T&O.TO-FO,US-AUS02,_PMO+RM,RAT,0.02127689974360275,3.8692934263
13760,2019-07-31 20:33:53,1.425,323544,x84sljJzv,Team Allocation, ,Exception,1,B56595,HPMS.AMP,CA-KAN01,_Resource Manager,RP2,0.012934166130273237,3.1327739228
13774,2019-08-01 03:35:02,1.706,16310240,x84sljJzv,Team Allocation, ,Exception,1,NXF35409,HPMS.STI,IN-BLR01-s1,_PM+RM,RC9,0.007882661644928745,2.2853262812
13778,2019-08-01 04:26:30,1.571,59740,x84sljJzv,Team Allocation, ,Exception,1,B12310,"HPMS.Kechichian, Kevork - NXF53803",IN-NDA02,_PM+RM,RNG,0.008516332197679496,2.4231565408
13792,2019-08-01 06:36:00,1.791,3265259,x84sljJzv,Team Allocation, ,Exception,1,NXP90507,HPMS.STI,AT-GRK01-s1,_PM+RM,RC9,0.008154132682183858,2.3452280903
13794,2019-08-01 06:40:28,11.77,59742,x84sljJzv,Team Allocation, ,Exception,0,R58653,"HPMS.Kechichian, Kevork - NXF53803",IN-NDA02,_PM+RM,RNG,0.044154764209544214,4.6463430726
13870,2019-08-01 14:27:22,4.107,229199436,x84sljJzv,Team Allocation, ,Exception,1,NXF49204,HPMS.STI,AT-GRK01-s1,_Resource Manager,RC9,0.00844274925863403,2.404014501
13882,2019-08-01 15:40:27,2.591,60111,x84sljJzv,Team Allocation, ,Exception,0,B08502,HPMS.MICR,RO-BUH03,_PM+RM,RMC,0.015562434409382613,3.415017703
13906,2019-08-01 18:56:15,1.982,61944,x84sljJzv,Team Allocation, ,Exception,0,B22037,HPMS.MICR,MX-GDL01,_PMO+RM,RMC,0.014582281085398361,3.3147641497
13914,2019-08-01 20:38:13,2.137,60205,x84sljJzv,Team Allocation, ,Exception,1,RTCW50,HPMS.AMP,US-AUS01,_Resource Manager,RP2,0.01381859019375174,3.2333435548
13938,2019-08-02 06:19:59,2.203,60455,x84sljJzv,Team Allocation, ,Exception,1,B35906,HPMS.STI,IN-BLR01-s1,_PM+RM,RC9,0.042526652383479996,4.6084133707
13940,2019-08-02 06:41:45,59.884,11066945,x84sljJzv,Team Allocation, ,Exception,0,SNEHA_DM,The Support IT.A Support PMO,NXP-REMOTE,_Core Team Support User,,0.007813365090682043,2.2698978371
13951,2019-08-02 07:34:02,0.911,10439242,x84sljJzv,Team Allocation, ,Exception,1,NXF27735,HPMS.IDA,NL-NYM01-s1,_PMO+RM,RA1,0.08175993244657559,5.1145682886
13957,2019-08-02 07:52:22,2.034,61401,x84sljJzv,Team Allocation, ,Exception,1,B03823,"HPMS.Kechichian, Kevork - NXF53803",CN-SHA02,_Resource Manager,RMC,0.01164610749824437,2.9725365502
13997,2019-08-02 09:56:54,1.761,59721,x84sljJzv,Team Allocation, ,Exception,1,B02759,"HPMS.Kechichian, Kevork - NXF53803",IN-BLR01-s1,_Resource Manager,RNG,0.06811565523464029,4.990581571
14172,2019-08-05 01:19:19,2.35,61638,x84sljJzv,Team Allocation, ,Exception,1,B08287,HPMS.MICR,CN-SHA02,_Resource Manager,RMC,0.25944344150977905,5.6022532035
14197,2019-08-05 06:14:58,1.879,3262983,x84sljJzv,Team Allocation, ,Exception,1,NXP69668,HPMS.STI,AT-GRK01-s1,_Resource Manager,RC9,0.03651714089561153,4.4546698699
14300,2019-08-05 10:56:49,2.633,8677768,x84sljJzv,Team Allocation, ,Exception,0,ATP01403,HPMS.STI,AT-GRK01-s1,_Resource Manager,RC9,0.008004823611693544,2.313211681
14396,2019-08-05 15:57:15,3.077,56581,x84sljJzv,Team Allocation, ,Exception,1,RVGV70,"HPMS.Kechichian, Kevork - NXF53803",US-AUS01,_Resource Manager,RP2,0.08638565604190943,5.1487083948
14414,2019-08-05 21:15:15,3.371,180977915,x84sljJzv,Team Allocation, ,Exception,1,NXF42918,HPMS.MICR,US-AUS01,_PMO+RM,RMC,0.03874463219603639,4.5140482008
14418,2019-08-05 22:03:40,0.975,57991,x84sljJzv,Team Allocation, ,Exception,1,B08380,HPMS.AAA,US-CHD01,_PMO+RM,RB4,0.03695578094001848,4.462221914
14425,2019-08-06 00:39:40,1.387,61049,x84sljJzv,Team Allocation, ,Exception,1,ECM008,HPMS.MICR,US-AUS01,_PM+RM,RMC,0.009096422940445686,2.5450432591
14430,2019-08-06 03:58:17,2.721,60865,x84sljJzv,Team Allocation, ,Exception,1,EKT011,"HPMS.Kechichian, Kevork - NXF53803",US-AUS01,_Resource Manager,RMC,0.011763983080210406,2.9873795523
14432,2019-08-06 04:33:27,16.823,63630,x84sljJzv,Team Allocation, ,Exception,0,B14382,T&O.TO-PT,CN-TNJ03,_Resource Manager,RTN,0.06342063508505974,4.9379905798
14454,2019-08-06 05:39:45,7.77,63626,x84sljJzv,Team Allocation, ,Exception,1,B15853,T&O.TO-PT,CN-TNJ03,_Resource Manager,RTN,0.009902977680079958,2.7083022294
14458,2019-08-06 05:53:21,4.151,59742,x84sljJzv,Team Allocation, ,Exception,1,R58653,"HPMS.Kechichian, Kevork - NXF53803",IN-NDA02,_PM+RM,RNG,0.013693570637121096,3.2201992709
14466,2019-08-06 06:17:15,6.149,8923134,x84sljJzv,Team Allocation, ,Exception,1,DEP16805,HPMS.CBS,DE-HBG02,_PM+RM,RD4,0.008024826740754448,2.3158655744
14514,2019-08-06 09:23:06,2.12,8559799,x84sljJzv,Team Allocation, ,Exception,0,NXP51469,HPMS.IDA,DE-HBG02,_Resource Manager,RRA,0.010498785167108286,2.8066846111
14529,2019-08-06 11:10:13,3.111,8934457,x84sljJzv,Team Allocation, ,Exception,1,BEQ03367,HPMS.SIP,BE-LEU01-s1,_PMO+RM,R83,0.0436061069553023,4.632869693
14590,2019-08-06 23:31:40,0.795,59024,x84sljJzv,Team Allocation, ,Exception,1,RP1032,HPMS.CBS,US-CHD01,_PM+RM,RD4,0.008334875241198445,2.386135676
14674,2019-08-08 06:13:07,2.287,22944023,x84sljJzv,Team Allocation, ,Exception,1,NXF38695,HPMS.STI,AT-GRK01-s1,_Resource Manager,RC9,0.026902065394515284,4.149636697
14699,2019-08-08 07:57:54,1.155,22944023,x84sljJzv,Team Allocation, ,Exception,1,NXF38695,HPMS.STI,AT-GRK01-s1,_Resource Manager,RC9,0.008331303253866143,2.3854959539
14712,2019-08-08 08:49:33,1.435,8711508,x84sljJzv,Team Allocation, ,Exception,1,NXP52773,HPMS.CBS,AT-GRK01-s1,_PM+RM,RD4,0.010065145904966565,2.7343985068
14732,2019-08-08 10:51:49,1.518,8709831,x84sljJzv,Team Allocation, ,Exception,1,NXP42905,HPMS.STI,AT-GRK01-s1,_Resource Manager,RC9,0.010672383751458266,2.8303565494
14780,2019-08-08 16:52:31,2.517,3180504,x84sljJzv,Team Allocation, ,Exception,0,RZPZ80,T&O.TO-FO,US-AUS02,_Resource Manager,RAT,0.037306550096050745,4.4678867449
14827,2019-08-09 04:44:15,3.741,62402,x84sljJzv,Team Allocation, ,Exception,1,R61931,HPMS.OPS,CN-TNJ02,_PE+RM,RMC,0.00881566473612658,2.4862842509
14857,2019-08-09 06:18:45,3.969,59714,x84sljJzv,Team Allocation, ,Exception,1,R49242,"HPMS.Kechichian, Kevork - NXF53803",IN-NDA02,_PM+RM,RNG,0.04289528147617378,4.6163989728
14858,2019-08-09 06:18:54,5.482,59718,x84sljJzv,Team Allocation, ,Exception,1,R49168,"HPMS.Kechichian, Kevork - NXF53803",IN-NDA02,_PM+RM,RNG,0.4232304910553865,5.724780393
14867,2019-08-09 07:00:18,3.146,57142,x84sljJzv,Team Allocation, ,Exception,0,B17255,"HPMS.Kechichian, Kevork - NXF53803",IN-NDA02,_Resource Manager,RP2,0.0389339475246485,4.519470211
14869,2019-08-09 07:01:52,54.855,3265138,x84sljJzv,Team Allocation, ,Exception,0,NXP37887,HPMS.STI,AT-GRK01-s1,_PMO+RM,RC9,0.03963762902911242,4.5388919563
14898,2019-08-09 08:20:14,8.09,8923134,x84sljJzv,Team Allocation, ,Exception,1,DEP16805,HPMS.CBS,DE-HBG02,_PM+RM,RD4,0.10077004902909814,5.2385643686
14913,2019-08-09 09:44:45,1.185,8930703,x84sljJzv,Team Allocation, ,Exception,1,NXP21263,HPMS.STI,AT-GRK01-s1,_PM+RM,RC9,0.03786092253002435,4.4790582672
14922,2019-08-09 10:29:23,7.804,8673585,x84sljJzv,Team Allocation, ,Exception,1,NXP72766,"HPMS.Kechichian, Kevork - NXF53803",IN-NDA02,_Resource Manager,RP2,0.03790950155774368,4.4802531898
14927,2019-08-09 10:47:34,2.98,8687255,x84sljJzv,Team Allocation, ,Exception,1,DEP10906,HPMS.STI,DE-HBG02,_PMO+RM,RC9,0.03740442254895588,4.4690291785
14937,2019-08-09 10:59:58,1.721,9450573,x84sljJzv,Team Allocation, ,Exception,1,NLV05032,T&O.TO-FO,NL-NYM01-s1,_PMO+RM,R86,0.038311707331361126,4.4981428285
14939,2019-08-09 11:15:20,53.984,57132,x84sljJzv,Team Allocation, ,Exception,0,B20609,"HPMS.Kechichian, Kevork - NXF53803",IN-NDA02,_Resource Manager,RP2,0.03737156026549868,4.4686088512
15072,2019-08-09 23:10:44,2.066,8930703,x84sljJzv,Team Allocation, ,Exception,0,NXP21263,HPMS.STI,AT-GRK01-s1,_PM+RM,RC9,0.03743514164001369,4.4694495395
15101,2019-08-11 20:44:17,8.629,11066945,x84sljJzv,Team Allocation, ,Exception,1,SNEHA_DM,The Support IT.A Support PMO,NXP-REMOTE,_Core Team Support User,,0.06155034251786531,4.9158861773
15159,2019-08-12 07:58:23,1.028,8559635,x84sljJzv,Team Allocation, ,Exception,1,NLV09159,HPMS.IDA,NL-HTC01-s1,_Resource Manager,RRA,0.010956713943109674,2.8745999084
15196,2019-08-12 10:08:58,1.443,7631748,x84sljJzv,Team Allocation, ,Exception,1,NLV03630,HPMS.AAA,NL-NYM01-s1,_PMO+RM,R16,0.10937210892275293,5.280954238
15218,2019-08-12 11:38:38,1.337,8934457,x84sljJzv,Team Allocation, ,Exception,1,BEQ03367,HPMS.SIP,BE-LEU01-s1,_PMO+RM,R83,0.007856943336136154,2.2798473237
15221,2019-08-12 11:45:10,2.17,8794922,x84sljJzv,Team Allocation, ,Exception,0,NLV04220,HPMS.CBS,NL-NYM01-s1,_PM+RM,R88,0.0371851025267524,4.4659173972
15318,2019-08-12 18:20:59,1.809,62528,x84sljJzv,Team Allocation, ,Exception,0,R200035,T&O.SSC-GTI,US-AUS01,_PMO+RM,RF9,0.014321526010140159,3.2871295836
15341,2019-08-13 01:32:43,1.088,61390,x84sljJzv,Team Allocation, ,Exception,1,B07899,"HPMS.Kechichian, Kevork - NXF53803",CN-TNJ04,_Resource Manager,RMC,0.028864515234883172,4.2226717887
15348,2019-08-13 04:33:42,1.68,218850700,x84sljJzv,Team Allocation, ,Exception,1,NXF47868,HPMS.STI,IN-BLR01-s1,_Resource Manager,RC9,0.03811381923315148,4.4871220738
15361,2019-08-13 06:32:02,1.521,25482850,x84sljJzv,Team Allocation, ,Exception,1,NXF40418,HPMS.STI,IN-BLR01-s1,_PM+RM,RC9,0.037540158067583436,4.4714112787
15387,2019-08-13 08:11:52,5.408,8928362,x84sljJzv,Team Allocation, ,Exception,1,ATP01751,HPMS.STI,AT-GRK01-s1,_PM+RM,RC9,0.037128665126902,4.4650630245
15388,2019-08-13 08:18:44,2.014,8557885,x84sljJzv,Team Allocation, ,Exception,1,NLV13682,HPMS.IDA,NL-HTC01-s1,_Resource Manager,RRA,0.03802737713970972,4.4841547165
15401,2019-08-13 09:11:33,2.536,61763,x84sljJzv,Team Allocation, ,Exception,1,B17931,HPMS.MICR,CN-SHA02,_Resource Manager,RMC,0.008813521543727198,2.4858738263
15402,2019-08-13 09:11:38,1.957,19511734,x84sljJzv,Team Allocation, ,Exception,1,NXF31173,HPMS.CBS,IN-BLR01-s1,_Resource Manager,R88,0.013272076131909208,3.170694631
15404,2019-08-13 09:25:59,18.934,8923035,x84sljJzv,Team Allocation, ,Exception,1,NXP56876,HPMS.CBS,DE-HBG02,_Resource Manager,RD4,0.008573483994996361,2.4337670433
15408,2019-08-13 09:43:04,3.256,3261824,x84sljJzv,Team Allocation, ,Exception,0,ATP50549,HPMS.STI,AT-GRK01-s1,_PMO+RM,RC9,0.00847632593955769,2.4138044934
15429,2019-08-13 10:58:14,2.248,25482850,x84sljJzv,Team Allocation, ,Exception,0,NXF40418,HPMS.STI,IN-BLR01-s1,_PM+RM,RC9,0.007839797796941094,2.2763605051
15485,2019-08-13 14:26:19,2.942,8557208,x84sljJzv,Team Allocation, ,Exception,0,NLV04197,HPMS.IDA,NL-NYM01-s1,_PM+RM,RA1,0.03776733646191798,4.4768638053
15493,2019-08-13 14:50:54,3.829,163949604,x84sljJzv,Team Allocation, ,Exception,1,NXF44647,"HPMS.Kechichian, Kevork - NXF53803",US-AUS01,_PMO+RM,RP2,0.037444428807077684,4.469567351
15499,2019-08-13 15:56:44,1.222,7631748,x84sljJzv,Team Allocation, ,Exception,1,NLV03630,HPMS.AAA,NL-NYM01-s1,_PMO+RM,R16,0.024545268152661025,4.0483714649
15557,2019-08-14 08:58:58,0.881,3265239,x84sljJzv,Team Allocation, ,Exception,1,NXA00051,HPMS.STI,GB-EKB02,_Resource Manager,RC9,0.03670645622422365,4.4582567303
15571,2019-08-14 11:01:36,2.397,8925514,x84sljJzv,Team Allocation, ,Exception,1,NXP29574,HPMS.OPS,AT-GRK01-s1,_Resource Manager,RC9,0.008047687459681195,2.3198885341
15726,2019-08-16 00:48:14,1.9,58806,x84sljJzv,Team Allocation, ,Exception,0,R45398,HPMS.SIP,US-CHD01,_Resource Manager,RN3,0.017608468753326414,3.6080514
15728,2019-08-16 04:18:39,25.004,59639,x84sljJzv,Team Allocation, ,Exception,0,B09586,HPMS.DN,IN-NDA02,_PM+RM,RNG,0.01146465054176332,2.944264238
15734,2019-08-16 05:29:54,3.295,8556620,x84sljJzv,Team Allocation, ,Exception,0,DEP10304,HPMS.IDA,DE-HBG02,_Resource Manager,RRA,0.014781597978540931,3.3344259919
15751,2019-08-16 07:33:29,2.691,9485623,x84sljJzv,Team Allocation, ,Exception,1,NLV05967,T&O.TO-FO,NL-NYM01-s1,_PMO+RM,REA,0.015636731745894538,3.421822496
15773,2019-08-16 09:05:43,3.62,1073514,x84sljJzv,Team Allocation, ,Exception,1,B57103,"HPMS.Kechichian, Kevork - NXF53803",IN-NDA02,_PM+RM,RP2,0.017868509431118153,3.6286682647
15782,2019-08-16 10:38:13,3.016,8795913,x84sljJzv,Team Allocation, ,Exception,1,NLV04595,T&O.TO-PT,NL-NYM01-s1,_Resource Manager,RF5,0.03727583100499293,4.4673846862
15817,2019-08-16 15:28:09,2.043,56951,x84sljJzv,Team Allocation, ,Exception,0,RA5666,"HPMS.Kechichian, Kevork - NXF53803",US-AUS01,_Resource Manager,RP2,0.008535620929273938,2.4266805485
15822,2019-08-16 16:18:26,2.877,245567140,x84sljJzv,Team Allocation, ,Exception,1,NXF51167,HPMS.STI,IN-BLR01-s1,_PM+RM,RC9,0.03808167134716074,4.485819733
15826,2019-08-16 17:39:05,5.19,60803,x84sljJzv,Team Allocation, ,Exception,1,RZWB50,"HPMS.Kechichian, Kevork - NXF53803",US-AUS01,_Resource Manager,RMC,0.037936648661469195,4.481190718
15834,2019-08-16 18:51:33,2.233,64051,x84sljJzv,Team Allocation, ,Exception,1,R44498,HPMS.RPS,US-CHD01,_Resource Manager,RIN,0.014836606583458414,3.3399171698
15847,2019-08-16 20:22:06,1.208,61018,x84sljJzv,Team Allocation, ,Exception,1,R20927,HPMS.DN,US-AUS01,_Resource Manager,RNG,0.037122235549703855,4.4649638867
15874,2019-08-18 18:54:10,1.156,3262112,x84sljJzv,Team Allocation, ,Exception,1,NXP84335,HPMS.STI,DE-MUC02,_PM+RM,RC9,0.008134129553122956,2.3413550756
15900,2019-08-19 06:24:23,1.825,1073514,x84sljJzv,Team Allocation, ,Exception,1,B57103,"HPMS.Kechichian, Kevork - NXF53803",IN-NDA02,_PM+RM,RP2,0.012547677100917932,3.0858122233
15908,2019-08-19 06:58:28,3.25,7631748,x84sljJzv,Team Allocation, ,Exception,1,NLV03630,HPMS.AAA,NL-NYM01-s1,_PMO+RM,R16,0.013036324967977134,3.1447815525
15909,2019-08-19 07:04:06,2.276,7631748,x84sljJzv,Team Allocation, ,Exception,1,NLV03630,HPMS.AAA,NL-NYM01-s1,_PMO+RM,R16,0.018377874824704724,3.6706591516
15910,2019-08-19 07:05:59,18.604,1073514,x84sljJzv,Team Allocation, ,Exception,0,B57103,"HPMS.Kechichian, Kevork - NXF53803",IN-NDA02,_PM+RM,RP2,0.0127798562775177,3.113341038
15934,2019-08-19 08:16:22,1.244,8557885,x84sljJzv,Team Allocation, ,Exception,1,NLV13682,HPMS.IDA,NL-HTC01-s1,_Resource Manager,RRA,0.04385185968376482,4.6379851629
15936,2019-08-19 08:19:17,61.739,8556645,x84sljJzv,Team Allocation, ,Exception,0,NLV08316,HPMS.IDA,NL-NYM01-s1,_Resource Manager,RA1,0.01294488209227015,3.1339825445
15941,2019-08-19 08:23:25,1.732,8794810,x84sljJzv,Team Allocation, ,Exception,1,NLV03649,HPMS.RPS,NL-NYM01-s1,_Resource Manager,R77,0.03721867920767606,4.4663996563
15955,2019-08-19 08:43:10,2.811,61113,x84sljJzv,Team Allocation, ,Exception,1,R61074,"HPMS.Kechichian, Kevork - NXF53803",CN-TNJ04,_Resource Manager,RMC,0.010140872036411413,2.7469597855
15960,2019-08-19 08:56:28,1.581,8693570,x84sljJzv,Team Allocation, ,Exception,1,FRQ05065,HPMS.STI,FR-CFR02-s1,_PM+RM,RC9,0.01104672802388374,2.8868814408
15965,2019-08-19 09:11:17,2.178,8794922,x84sljJzv,Team Allocation, ,Exception,0,NLV04220,HPMS.CBS,NL-NYM01-s1,_PM+RM,R88,0.03751944054105607,4.4709442484
15969,2019-08-19 09:49:23,8.779,8353029,x84sljJzv,Team Allocation, ,Exception,1,ING04174,HPMS.SIP,IN-BLR01-s1,_PMO+RM,RD9,0.5492844952174663,5.7749663929
16016,2019-08-19 13:25:46,1.778,22945814,x84sljJzv,Team Allocation, ,Exception,1,NXF39853,T&O.TO-FO,US-AUS02,_PMO+RM,RAT,0.2775498452972287,5.6203739028
16080,2019-08-20 05:15:22,3.605,9131875,x84sljJzv,Team Allocation, ,Exception,1,NXF27375,HPMS.STI,IN-BLR01-s1,_PM+RM,RC9,0.00832130168933569,2.383752411
16090,2019-08-20 06:57:28,2.013,8688137,x84sljJzv,Team Allocation, ,Exception,1,DEP11234,CORP.SSC-HRM,DE-HBG02,<No Rights>,RZ8,0.03223718567404473,4.340232897
16117,2019-08-20 08:39:52,1.53,3261961,x84sljJzv,Team Allocation, ,Exception,1,NXP79559,HPMS.STI,NL-HTC01-s1,_PM+RM,RC9,0.009467195225538854,2.6302051348
16123,2019-08-20 09:07:52,1.718,3262131,x84sljJzv,Team Allocation, ,Exception,1,ATP50548,HPMS.STI,AT-GRK01-s1,_PM+RM,RC9,0.03819526054432801,4.4939992323
16130,2019-08-20 09:31:02,3.819,8704768,x84sljJzv,Team Allocation, ,Exception,1,NXP25289,HPMS.CBS,DE-HBG02,_Resource Manager,RD4,0.2531010208025399,5.5955554262
16137,2019-08-20 10:23:48,2.661,59721,x84sljJzv,Team Allocation, ,Exception,1,B02759,"HPMS.Kechichian, Kevork - NXF53803",IN-BLR01-s1,_Resource Manager,RNG,0.03805309544850231,4.4849527935
16149,2019-08-20 11:37:00,1.385,7631998,x84sljJzv,Team Allocation, ,Exception,1,NXP73005,HPMS.AAA,AT-GRK01-s1,_PMO+RM,R62,0.010215169372923338,2.7582808796
16181,2019-08-20 15:04:27,0.868,3265355,x84sljJzv,Team Allocation, ,Exception,1,NXP32477,HPMS.STI,AT-GRK01-s1,_PM+RM,RC9,0.008254148327488373,2.3715529881
16243,2019-08-21 08:18:54,1.182,60841,x84sljJzv,Team Allocation, ,Exception,1,R20530,HPMS.MICR,FR-MGI01,_Resource Manager,RMP,0.036811472651793395,4.4601331512
16266,2019-08-21 11:09:43,2.212,8353029,x84sljJzv,Team Allocation, ,Exception,1,ING04174,HPMS.SIP,IN-BLR01-s1,_PMO+RM,RD9,0.009323601334780229,2.6005798743
16288,2019-08-21 14:46:29,1.717,61944,x84sljJzv,Team Allocation, ,Exception,1,B22037,HPMS.MICR,MX-GDL01,_PMO+RM,RMC,0.056278803612850876,4.8488584336
16314,2019-08-22 04:44:27,2.844,61637,x84sljJzv,Team Allocation, ,Exception,1,B32804,HPMS.MICR,CN-SHA02,_Resource Manager,RMC,0.015807472740378675,3.4378719911
16329,2019-08-22 06:40:13,2.296,8959337,x84sljJzv,Team Allocation, ,Exception,1,DEP10889,T&O.TO-PT,DE-HBG02,_PMO+RM,RF6,0.03718867451408471,4.4659675417
16345,2019-08-22 08:40:06,0.982,3261776,x84sljJzv,Team Allocation, ,Exception,1,ING08122,HPMS.STI,IN-BLR01-s1,_Resource Manager,RC9,0.05527507517247342,4.8352388441
16362,2019-08-22 09:39:46,2.891,57153,x84sljJzv,Team Allocation, ,Exception,0,B37073,"HPMS.Kechichian, Kevork - NXF53803",IN-NDA02,_Resource Manager,RP2,0.03834671280721771,4.4993152002
16388,2019-08-22 11:36:50,2.041,3265138,x84sljJzv,Team Allocation, ,Exception,1,NXP37887,HPMS.STI,AT-GRK01-s1,_PMO+RM,RC9,0.00884138304491917,2.4941681204
16389,2019-08-22 11:43:37,1.785,280197763,x84sljJzv,Team Allocation, ,Exception,1,NXF54685,HPMS.STI,AT-GRK01-s1,_PMO+RM,RC9,0.022949304212587538,3.9671482368
16428,2019-08-22 16:00:24,2.306,61944,x84sljJzv,Team Allocation, ,Exception,0,B22037,HPMS.MICR,MX-GDL01,_PMO+RM,RMC,0.011539662275741708,2.9579242989
16449,2019-08-22 20:00:40,1.818,7632005,x84sljJzv,Team Allocation, ,Exception,1,USB01082,HPMS.MICR,US-SJO01-s1,_PMO+RM,R05,0.009373609157432485,2.6090964758
16457,2019-08-22 21:02:34,1.57,60790,x84sljJzv,Team Allocation, ,Exception,1,RA0857,HPMS.MICR,US-AUS01,_PMO+RM,RMC,0.008100552872199296,2.3315372509
16496,2019-08-23 07:01:02,1.819,3262131,x84sljJzv,Team Allocation, ,Exception,1,ATP50548,HPMS.STI,AT-GRK01-s1,_PM+RM,RC9,0.03814453832420929,4.4884019103
16550,2019-08-23 10:50:06,2.423,8711508,x84sljJzv,Team Allocation, ,Exception,0,NXP52773,HPMS.CBS,AT-GRK01-s1,_PM+RM,RD4,0.16892285293199438,5.4704501027
16555,2019-08-23 11:10:26,1.409,219891802,x84sljJzv,Team Allocation, ,Exception,1,NXF47878,HPMS.STI,IN-BLR01-s1,_PM+RM,RC9,0.017739917887155204,3.6184413771
16580,2019-08-23 13:19:58,2.781,240097,x84sljJzv,Team Allocation, ,Exception,1,RG004C,HPMS.MICR,CZ-RPR01,_Resource Manager,RMC,0.06786347292897961,4.9879587383
16583,2019-08-23 13:41:41,1.441,60894,x84sljJzv,Team Allocation, ,Exception,1,RP1776,CORP.SSC-HRM,US-AUS01,_PM+RM+Portfolio,RY3,0.026519862749958746,4.1348412416
16593,2019-08-23 14:40:59,1.844,8711508,x84sljJzv,Team Allocation, ,Exception,0,NXP52773,HPMS.CBS,AT-GRK01-s1,_PM+RM,RD4,0.021378344183840187,3.8750993658
16698,2019-08-26 09:23:34,1.212,8796002,x84sljJzv,Team Allocation, ,Exception,1,NLV04604,HPMS.AAA,NL-NYM01-s1,_Resource Manager,R16,0.010725963561442828,2.837975517
16837,2019-08-27 06:20:56,7.081,3262131,x84sljJzv,Team Allocation, ,Exception,1,ATP50548,HPMS.STI,AT-GRK01-s1,_PM+RM,RC9,0.015434557262886126,3.4025025232
16868,2019-08-27 09:45:31,2.569,19511734,x84sljJzv,Team Allocation, ,Exception,1,NXF31173,HPMS.CBS,IN-BLR01-s1,_Resource Manager,R88,0.009165719494692385,2.5650203806
16913,2019-08-27 13:27:07,6.217,8929505,x84sljJzv,Team Allocation, ,Exception,1,NXA30371,HPMS.STI,AT-GRK01-s1,_PM+RM,RC9,0.10298110918779439,5.2499199362
16918,2019-08-27 13:51:41,2.519,122016,x84sljJzv,Team Allocation, ,Exception,1,B55935,"HPMS.Kechichian, Kevork - NXF53803",FR-MGI01,_Resource Manager,RMC,0.009690801632541091,2.6733604902
16963,2019-08-28 02:41:26,2.161,61121,x84sljJzv,Team Allocation, ,Exception,1,R63894,"HPMS.Kechichian, Kevork - NXF53803",CN-SHA02,_Resource Manager,RMC,0.03071266148061733,4.291033478
16984,2019-08-28 05:47:34,1.211,61401,x84sljJzv,Team Allocation, ,Exception,1,B03823,"HPMS.Kechichian, Kevork - NXF53803",CN-SHA02,_Resource Manager,RMC,0.08886747284039434,5.1654138158
17011,2019-08-28 07:45:35,4.103,3265538,x84sljJzv,Team Allocation, ,Exception,1,NXA30626,HPMS.STI,CN-SHA01-s1,_PM+RM,RC9,0.018647202669560454,3.6939819992
17055,2019-08-28 11:19:46,0.953,3261961,x84sljJzv,Team Allocation, ,Exception,1,NXP79559,HPMS.STI,NL-HTC01-s1,_PM+RM,RC9,0.008764228118541403,2.4770897032
17061,2019-08-28 11:39:32,2.201,61388,x84sljJzv,Team Allocation, ,Exception,1,B31984,"HPMS.Kechichian, Kevork - NXF53803",CN-SHA02,_Resource Manager,RMC,0.014384392987188712,3.293316105
17145,2019-08-29 00:24:51,2.756,8720445,x84sljJzv,Team Allocation, ,Exception,0,NXP90237,HPMS.STI,US-SJO01-s1,_PM+RM,RC9,0.026241962135505482,4.1233695547
17180,2019-08-29 09:26:38,3.245,8951197,x84sljJzv,Team Allocation, ,Exception,1,NLV10964,T&O.TO-PT,NL-HTC01-s1,_PMO+RM,RPT,0.3111872500055366,5.6518064912
17194,2019-08-29 09:48:37,3.353,60755,x84sljJzv,Team Allocation, ,Exception,1,B35325,"HPMS.Kechichian, Kevork - NXF53803",CN-SHA02,_PM+RM,RMC,0.028732351703587924,4.2180032191
17353,2019-08-30 05:57:28,4.364,8693044,x84sljJzv,Team Allocation, ,Exception,0,FRQ04517,HPMS.OPS,FR-CFR02-s1,_PM+RM,RC9,0.016234682425322246,3.4862622347
17360,2019-08-30 06:20:02,2.059,57205,x84sljJzv,Team Allocation, ,Exception,1,B07570,"HPMS.Kechichian, Kevork - NXF53803",IN-NDA02,_Resource Manager,RP2,0.018794368547651385,3.7050313051
17458,2019-08-30 10:40:44,3.82,8923035,x84sljJzv,Team Allocation, ,Exception,0,NXP56876,HPMS.CBS,DE-HBG02,_Resource Manager,RD4,0.020734672066558983,3.8350899821
17460,2019-08-30 10:42:53,29.38,11066945,x84sljJzv,Team Allocation, ,Exception,0,SNEHA_DM,The Support IT.A Support PMO,NXP-REMOTE,_Core Team Support User,,0.00852990574954225,2.4256414562
17510,2019-08-30 13:30:29,2.068,8934457,x84sljJzv,Team Allocation, ,Exception,0,BEQ03367,HPMS.SIP,BE-LEU01-s1,_PMO+RM,R83,0.007933383865047463,2.2978280956
17601,2019-09-02 03:15:06,2.8,8926731,x84sljJzv,Team Allocation, ,Exception,1,NXP69056,HPMS.SIP,CN-SHA01-s1,_PM+RM,R67,0.00882280871079119,2.4876573131
17740,2019-09-03 07:56:14,0.986,3265355,x84sljJzv,Team Allocation, ,Exception,1,NXP32477,HPMS.STI,AT-GRK01-s1,_PM+RM,RC9,0.010068003494832408,2.7351812493
17743,2019-09-03 08:07:45,9.271,9131875,x84sljJzv,Team Allocation, ,Exception,0,NXF27375,HPMS.STI,IN-BLR01-s1,_PM+RM,RC9,0.011399640372315384,2.9351397524
17799,2019-09-03 13:15:22,4.576,8718323,x84sljJzv,Team Allocation, ,Exception,1,NXP87130,HPMS.STI,AT-GRK01-s1,_PM+RM,RC9,0.016616885069878788,3.5211514433
17824,2019-09-03 14:27:04,1.962,60790,x84sljJzv,Team Allocation, ,Exception,1,RA0857,HPMS.MICR,US-AUS01,_PMO+RM,RMC,0.010404484701535457,2.79467664
17915,2019-09-04 13:20:39,2.402,7210541,x84sljJzv,Team Allocation, ,Exception,1,DEP15373,HPMS.SEN,DE-HBG02,_PMO+RM,R53,0.025001768133729493,4.0696434325
17941,2019-09-04 15:43:20,5.191,3265138,x84sljJzv,Team Allocation, ,Exception,1,NXP37887,HPMS.STI,AT-GRK01-s1,_PMO+RM,RC9,0.009991562965921099,2.7232370436
17949,2019-09-04 16:23:42,1.717,57868,x84sljJzv,Team Allocation, ,Exception,1,VBURLAC1,HPMS.AMP,RO-BUH03,_Resource Controller,RP2,0.02096399365329291,3.8511100832
17969,2019-09-05 06:26:22,2.2,7631998,x84sljJzv,Team Allocation, ,Exception,1,NXP73005,HPMS.AAA,AT-GRK01-s1,_PMO+RM,R62,0.02549541678305392,4.0914136862
17997,2019-09-05 08:23:56,2.217,8515661,x84sljJzv,Team Allocation, ,Exception,1,GBR02236,HPMS.AAA,GB-SOU04-s1,_Resource Manager,R62,0.018538614254658407,3.6861720407
18136,2019-09-06 04:39:55,2.181,8931375,x84sljJzv,Team Allocation, ,Exception,1,NXP74112,HPMS.STI,IN-BLR01-s1,_PM+RM,RC9,0.008824951903190572,2.4880732575
18139,2019-09-06 05:11:50,1.752,59743,x84sljJzv,Team Allocation, ,Exception,1,B10991,"HPMS.Kechichian, Kevork - NXF53803",IN-NDA02,_Resource Manager,RNG,0.009937983155936537,2.7147304386
18146,2019-09-06 06:14:50,4.88,59766,x84sljJzv,Team Allocation, ,Exception,1,B15745,HPMS.AMP,IN-NDA02,_PM+RM,RNG,0.015005918783009631,3.3566509856
18172,2019-09-06 07:35:22,8.164,257138781,x84sljJzv,Team Allocation, ,Exception,1,deepika_ro,The Support IT.A Support PMO,,_Core Team User,,0.01867077778595366,3.6956688277
18173,2019-09-06 07:38:30,2.355,8952610,x84sljJzv,Team Allocation, ,Exception,1,FRQ04701,HPMS.AAA,FR-TLS02,_PM+RM,RB4,0.008159133464449082,2.346203685
18267,2019-09-06 12:30:41,2.475,7210541,x84sljJzv,Team Allocation, ,Exception,0,DEP15373,HPMS.SEN,DE-HBG02,_PMO+RM,R53,0.010981003456969342,2.877892067
18301,2019-09-06 13:54:31,1.7,8557885,x84sljJzv,Team Allocation, ,Exception,1,NLV13682,HPMS.IDA,NL-HTC01-s1,_Resource Manager,RRA,0.01796280989669098,3.6365536266
18339,2019-09-06 17:28:02,3.06,60427,x84sljJzv,Team Allocation, ,Exception,0,B37149,HPMS.AMP,IN-HYD02,_PM+RM,RNG,0.01325564499018061,3.1689130724
18360,2019-09-06 19:15:15,1.813,8926908,x84sljJzv,Team Allocation, ,Exception,0,NXP98558,HPMS.SIP,US-CHD01,_Resource Manager,RN3,0.014646576857379835,3.3209047173
18435,2019-09-09 06:18:45,2.617,57698,x84sljJzv,Team Allocation, ,Exception,1,R33666,HPMS.AMP,CZ-RPR01,_Resource Manager,RP2,0.008941398690223687,2.5163014385
18475,2019-09-09 08:40:31,1.266,8699471,x84sljJzv,Team Allocation, ,Exception,1,NXA32283,HPMS.STI,FR-MGI01,_PM+RM,RC9,0.017826359980596965,3.6253957144
18503,2019-09-09 09:29:05,2.939,8693248,x84sljJzv,Team Allocation, ,Exception,0,FRQ04633,"HPMS.Kechichian, Kevork - NXF53803",FR-CFR02-s1,_Resource Manager,R25,0.008002680419294162,2.3127984621
18526,2019-09-09 11:09:47,0.817,8930703,x84sljJzv,Team Allocation, ,Exception,1,NXP21263,HPMS.STI,AT-GRK01-s1,_PM+RM,RC9,0.010350190494084434,2.7830421524
18562,2019-09-09 12:43:59,1.542,3261961,x84sljJzv,Team Allocation, ,Exception,1,NXP79559,HPMS.STI,NL-HTC01-s1,_PM+RM,RC9,0.014669437576306583,3.323121039
18613,2019-09-09 16:22:22,1.132,3262112,x84sljJzv,Team Allocation, ,Exception,1,NXP84335,HPMS.STI,DE-MUC02,_PM+RM,RC9,0.06299985497731432,4.9330781485
18715,2019-09-10 11:06:05,7.483,8694227,x84sljJzv,Team Allocation, ,Exception,1,FRQ92873,HPMS.STI,FR-MGI01,_PM+RM,RC9,0.012913448603745872,3.1304408128
18755,2019-09-10 14:39:34,1.385,61049,x84sljJzv,Team Allocation, ,Exception,1,ECM008,HPMS.MICR,US-AUS01,_PM+RM,RMC,0.01475445087481542,3.3317279913
18808,2019-09-10 22:28:42,2.139,4245433,x84sljJzv,Team Allocation, ,Exception,1,B60078,HPMS.SEN,US-CHD01,_PMO+RM,RSE,0.00859848790632249,2.4401486308
18810,2019-09-11 00:46:30,12.392,61102,x84sljJzv,Team Allocation, ,Exception,0,R51556,"HPMS.Kechichian, Kevork - NXF53803",CN-SZH02,_Resource Manager,RMC,0.008693502769361781,2.4608325253
18812,2019-09-11 01:54:06,12.525,61628,x84sljJzv,Team Allocation, ,Exception,0,B46992,HPMS.MICR,CN-SZH02,_Resource Manager,RMC,0.018914387322016803,3.7141510878
18846,2019-09-11 08:48:49,3.12,3261824,x84sljJzv,Team Allocation, ,Exception,0,ATP50549,HPMS.STI,AT-GRK01-s1,_PMO+RM,RC9,0.024966048260406448,4.0681305359
18911,2019-09-11 15:28:34,1.812,60111,x84sljJzv,Team Allocation, ,Exception,1,B08502,HPMS.MICR,RO-BUH03,_PM+RM,RMC,0.00864992452390767,2.4523982497
19072,2019-09-13 06:24:52,3.29,8353029,x84sljJzv,Team Allocation, ,Exception,1,ING04174,HPMS.SIP,IN-BLR01-s1,_PMO+RM,RD9,0.012623403232362778,3.0935714742
19073,2019-09-13 06:26:25,7.989,8698861,x84sljJzv,Team Allocation, ,Exception,1,NXA04928,HPMS.STI,IN-BLR01-s1,_Resource Manager,RC9,0.02442810696816145,4.0432823976
19084,2019-09-13 07:27:44,1.869,3261824,x84sljJzv,Team Allocation, ,Exception,1,ATP50549,HPMS.STI,AT-GRK01-s1,_PMO+RM,RC9,0.011200323479172814,2.9075275753
19154,2019-09-13 11:37:55,3.43,9131875,x84sljJzv,Team Allocation, ,Exception,1,NXF27375,HPMS.STI,IN-BLR01-s1,_PM+RM,RC9,0.060588763528009036,4.9040952923
19155,2019-09-13 11:45:44,2.476,3265118,x84sljJzv,Team Allocation, ,Exception,1,ING04211,HPMS.STI,IN-BLR01-s1,_Resource Manager,RC9,0.16371632419642787,5.4588413829
19160,2019-09-13 11:56:59,2.576,8353029,x84sljJzv,Team Allocation, ,Exception,1,ING04174,HPMS.SIP,IN-BLR01-s1,_PMO+RM,RD9,0.03165352294394624,4.3224814868
19180,2019-09-13 14:33:43,1.228,323544,x84sljJzv,Team Allocation, ,Exception,1,B56595,HPMS.AMP,CA-KAN01,_Resource Manager,RP2,0.013212781142192959,3.1643032215
19226,2019-09-14 06:25:45,6.74,59775,x84sljJzv,Team Allocation, ,Exception,1,B34330,HPMS.AMP,IN-NDA02,_PM+RM,RNG,0.010753110665168339,2.8417215626
19251,2019-09-15 18:07:40,4.354,9131875,x84sljJzv,Team Allocation, ,Exception,0,NXF27375,HPMS.STI,IN-BLR01-s1,_PM+RM,RC9,0.03573701886223631,4.4375958455
19277,2019-09-16 05:55:29,2.124,8693044,x84sljJzv,Team Allocation, ,Exception,1,FRQ04517,HPMS.OPS,FR-CFR02-s1,_PM+RM,RC9,0.011068874345344024,2.8899182372
19295,2019-09-16 06:57:49,1.981,3265138,x84sljJzv,Team Allocation, ,Exception,1,NXP37887,HPMS.STI,AT-GRK01-s1,_PMO+RM,RC9,0.03308088908193497,4.3670862835
19297,2019-09-16 06:59:54,46.662,57142,x84sljJzv,Team Allocation, ,Exception,1,B17255,"HPMS.Kechichian, Kevork - NXF53803",IN-NDA02,_Resource Manager,RP2,0.056975341142650175,4.8558943501
19307,2019-09-16 07:19:02,1.279,8928601,x84sljJzv,Team Allocation, ,Exception,1,ATP01668,HPMS.STI,AT-GRK01-s1,_Resource Manager,RC9,0.029281723355296295,4.2400512973
19350,2019-09-16 09:13:26,1.6,8934826,x84sljJzv,Team Allocation, ,Exception,1,NXP63563,HPMS.SIP,BE-LEU01-s1,_PM+RM,RM5,0.015498138637401139,3.4089448473
19433,2019-09-16 15:47:01,4.365,163949604,x84sljJzv,Team Allocation, ,Exception,1,NXF44647,"HPMS.Kechichian, Kevork - NXF53803",US-AUS01,_PMO+RM,RP2,0.009162147507360082,2.5643771247
19445,2019-09-16 16:38:47,1.603,1434597,x84sljJzv,Team Allocation, ,Exception,1,B07159,T&O.TO-PT,US-CHD01,_PM+RM,RPT,0.057126079008073406,4.8579077608
19469,2019-09-16 20:31:03,1.277,59568,x84sljJzv,Team Allocation, ,Exception,1,RFVP50,HPMS.DN,US-AUS01,_PMO+RM,RNG,0.01176684067007625,2.9877261705
19493,2019-09-17 01:48:55,1.838,60790,x84sljJzv,Team Allocation, ,Exception,1,RA0857,HPMS.MICR,US-AUS01,_PMO+RM,RMC,0.008437748476368806,2.4032232519
19621,2019-09-17 20:36:04,1.388,63483,x84sljJzv,Team Allocation, ,Exception,1,R34169,T&O.TO-PT,US-CHD01,_Resource Manager,RTT,0.014853037725187012,3.3415725932
19711,2019-09-19 07:54:08,3.725,8556678,x84sljJzv,Team Allocation, ,Exception,0,DEP10458,HPMS.IDA,DE-HBG02,_PM+RM,RRA,0.024395959082170713,4.0418993228
19715,2019-09-19 08:10:16,1.772,8704768,x84sljJzv,Team Allocation, ,Exception,1,NXP25289,HPMS.CBS,DE-HBG02,_Resource Manager,RD4,0.009143573173232099,2.5572079544
19717,2019-09-19 08:17:58,13.155,61099,x84sljJzv,Team Allocation, ,Exception,0,R59133,"HPMS.Kechichian, Kevork - NXF53803",CN-SZH02,_Resource Manager,RMC,0.8975332569880574,5.8464743143
19773,2019-09-19 13:13:48,3.036,1487851,x84sljJzv,Team Allocation, ,Exception,1,B57812,HPMS.MICR,FR-MGI01,_Resource Manager,RMC,0.010649523032531518,2.8272606728
19798,2019-09-19 14:59:16,1.931,163949604,x84sljJzv,Team Allocation, ,Exception,1,NXF44647,"HPMS.Kechichian, Kevork - NXF53803",US-AUS01,_PMO+RM,RP2,0.65261494476636,5.8027251895
19805,2019-09-19 15:58:13,4.313,163949604,x84sljJzv,Team Allocation, ,Exception,1,NXF44647,"HPMS.Kechichian, Kevork - NXF53803",US-AUS01,_PMO+RM,RP2,0.009770814148784704,2.6851665789
19883,2019-09-20 08:14:48,4.77,3399765,x84sljJzv,Team Allocation, ,Exception,1,NXF07914,HPMS.STI,CN-SHA01-s1,_Resource Manager,RC9,0.008239145980692695,2.3687871056
19892,2019-09-20 08:52:19,1.871,3904229,x84sljJzv,Team Allocation, ,Exception,1,NLV13735,T&O.SSC-GTI,NL-HTC01-s1,_PM+RM,RF9,0.00935003404103928,2.6050333414
19902,2019-09-20 09:12:16,2.421,60849,x84sljJzv,Team Allocation, ,Exception,0,B05276,HPMS.MICR,RO-BUH03,_PM+RM,RMC,0.008739224207215273,2.4696831515
19919,2019-09-20 10:23:17,1.36,8686154,x84sljJzv,Team Allocation, ,Exception,1,DEP08626,HPMS.STI,DE-HBG02,_PM+RM,RC9,0.018896527385355282,3.7128927661
20003,2019-09-20 20:06:31,1.709,61049,x84sljJzv,Team Allocation, ,Exception,1,ECM008,HPMS.MICR,US-AUS01,_PM+RM,RMC,0.012054742849059963,3.0225935276
20004,2019-09-20 20:06:44,3.238,163949604,x84sljJzv,Team Allocation, ,Exception,0,NXF44647,"HPMS.Kechichian, Kevork - NXF53803",US-AUS01,_PMO+RM,RP2,0.012351932195107666,3.0602478355
20041,2019-09-23 05:39:57,1.541,172441891,x84sljJzv,Team Allocation, ,Exception,1,NXF45132,HPMS.AAA,IN-HYD02,_Resource Manager,R16,0.02746501059808642,4.1716796703
20049,2019-09-23 06:47:46,7.886,11066945,x84sljJzv,Team Allocation, ,Exception,1,SNEHA_DM,The Support IT.A Support PMO,NXP-REMOTE,_Core Team Support User,,0.01236479134950396,3.0614043756
20066,2019-09-23 07:28:30,1.093,59786,x84sljJzv,Team Allocation, ,Exception,1,B33046,HPMS.AMP,IN-NDA02,_PM+RM,RNG,0.020811826992936752,3.8396721401
20157,2019-09-23 12:23:04,2.713,8923035,x84sljJzv,Team Allocation, ,Exception,0,NXP56876,HPMS.CBS,DE-HBG02,_Resource Manager,RD4,0.008994264102741787,2.5261125774
20205,2019-09-23 19:37:02,1.915,1434597,x84sljJzv,Team Allocation, ,Exception,1,B07159,T&O.TO-PT,US-CHD01,_PM+RM,RPT,0.0185479014217224,3.6868414326
20233,2019-09-24 06:37:16,6.1,8942571,x84sljJzv,Team Allocation, ,Exception,1,NLV10891,HPMS.AAA,NL-HTC01-s1,_PMO+RM,R16,0.014675152756038269,3.3239008172
20256,2019-09-24 09:24:39,4.098,3262985,x84sljJzv,Team Allocation, ,Exception,1,NXP33253,HPMS.STI,NL-HTC01-s1,_PM+RM,RC9,0.007990535662364328,2.310450749
20302,2019-09-24 13:47:43,1.645,8934457,x84sljJzv,Team Allocation, ,Exception,1,BEQ03367,HPMS.SIP,BE-LEU01-s1,_PMO+RM,R83,0.01226906208899821,3.0478143968
20358,2019-09-25 06:56:03,1.384,3265453,x84sljJzv,Team Allocation, ,Exception,1,DEP14631,HPMS.STI,DE-HBG02,_Resource Manager,RC9,0.008795661607065677,2.4832270082
20386,2019-09-25 09:08:06,4.033,3265311,x84sljJzv,Team Allocation, ,Exception,0,ATP50572,HPMS.STI,AT-GRK01-s1,_Resource Manager,RC9,0.008096266487400531,2.3307133552
20387,2019-09-25 09:26:46,3.686,8923035,x84sljJzv,Team Allocation, ,Exception,1,NXP56876,HPMS.CBS,DE-HBG02,_Resource Manager,RD4,0.056821745687361105,4.8538900492
20407,2019-09-25 11:58:21,2.08,3265355,x84sljJzv,Team Allocation, ,Exception,1,NXP32477,HPMS.STI,AT-GRK01-s1,_PM+RM,RC9,0.10685671544334435,5.2690295101
20473,2019-09-26 04:38:10,2.352,8557595,x84sljJzv,Team Allocation, ,Exception,1,NXP99374,HPMS.IDA,IN-BLR01-s1,_Resource Manager,RA1,0.009551494126581232,2.644726486
20561,2019-09-26 21:36:19,1.476,56603,x84sljJzv,Team Allocation, ,Exception,1,RA0937,"HPMS.Kechichian, Kevork - NXF53803",US-AUS01,_PMO+RM,RP2,0.00844132046370111,2.4037739766
20586,2019-09-27 06:51:09,1.85,8930703,x84sljJzv,Team Allocation, ,Exception,1,NXP21263,HPMS.STI,AT-GRK01-s1,_PM+RM,RC9,0.008604917483520639,2.4413818098
20654,2019-09-27 11:47:51,0.933,8796006,x84sljJzv,Team Allocation, ,Exception,1,NLV04650,T&O.TO-FO,NL-NYM01-s1,_Resource Manager,R86,0.017341998498336526,3.5831332451
20655,2019-09-27 11:51:41,0.752,8796006,x84sljJzv,Team Allocation, ,Exception,1,NLV04650,T&O.TO-FO,NL-NYM01-s1,_Resource Manager,R86,0.007926954287849316,2.2953601486
20751,2019-09-30 06:02:56,2.028,63125,x84sljJzv,Team Allocation, ,Exception,1,R70138C,T&O.TO-PT,RU-MOW02,_Resource Manager,RPT,0.009617933090962089,2.6558483285
20758,2019-09-30 06:49:02,2.221,9450612,x84sljJzv,Team Allocation, ,Exception,1,NLV04918,T&O.TO-FO,NL-NYM01-s1,_PMO+RM,R86,0.009832252330900335,2.6955726467
20774,2019-09-30 07:25:52,6.367,8798787,x84sljJzv,Team Allocation, ,Exception,1,NLV15990,T&O.TO-FO,NL-NYM01-s1,_Resource Manager,R86,0.008592058329124342,2.438956339
20814,2019-09-30 09:02:40,1.285,8931242,x84sljJzv,Team Allocation, ,Exception,1,NXA03850,HPMS.STI,IN-BLR01-s1,_Resource Manager,RC9,0.009709375966669072,2.6763959616
20843,2019-09-30 10:48:52,2.092,8706558,x84sljJzv,Team Allocation, ,Exception,1,NXP29779,HPMS.MICR,GB-SZD01-s1,_PM+RM,R25,0.009137143596033953,2.5530446136
20891,2019-09-30 14:53:16,2.329,61944,x84sljJzv,Team Allocation, ,Exception,0,B22037,HPMS.MICR,MX-GDL01,_PMO+RM,RMC,0.008896391649836655,2.5051286453
20901,2019-09-30 16:10:13,1.737,8700032,x84sljJzv,Team Allocation, ,Exception,1,NXF09117,HPMS.STI,US-SAN03,_PM+RM,RC9,0.008497043466085053,2.4195909883
20911,2019-09-30 18:10:09,1.652,219891802,x84sljJzv,Team Allocation, ,Exception,1,NXF47878,HPMS.STI,IN-BLR01-s1,_PM+RM,RC9,0.00853776412167332,2.4270740182
21012,2019-10-01 11:24:35,1.368,8934457,x84sljJzv,Team Allocation, ,Exception,1,BEQ03367,HPMS.SIP,BE-LEU01-s1,_PMO+RM,R83,0.007836940207075252,2.2753670003
21020,2019-10-01 12:09:52,1.177,8708519,x84sljJzv,Team Allocation, ,Exception,1,NXP36583,HPMS.STI,AT-GRK01-s1,_PM+RM,RC9,0.009047843912726351,2.535995604
21037,2019-10-01 14:18:16,0.801,58075,x84sljJzv,Team Allocation, ,Exception,1,R65709,T&O.SSC-GTI,US-CHD01,_PM+RM,RF9,0.015362403118773581,3.3963253034
21163,2019-10-02 19:32:34,0.968,57788,x84sljJzv,Team Allocation, ,Exception,1,R61406,HPMS.AMP,US-AUS01,_Resource Manager,RP2,0.008500615453417359,2.4202514933
21165,2019-10-02 19:46:12,12.255,57788,x84sljJzv,Team Allocation, ,Exception,1,R61406,HPMS.AMP,US-AUS01,_Resource Manager,RP2,0.014190791273777828,3.2737674743
21205,2019-10-03 08:30:18,1.553,3261824,x84sljJzv,Team Allocation, ,Exception,1,ATP50549,HPMS.STI,AT-GRK01-s1,_PMO+RM,RC9,0.012037597309864902,3.020637377
21245,2019-10-03 11:51:34,0.845,8702449,x84sljJzv,Team Allocation, ,Exception,1,NXP12607,HPMS.STI,AT-GRK01-s1,_Resource Manager,RC9,0.007986249277565563,2.3096221825
21305,2019-10-04 06:21:32,2.645,62083,x84sljJzv,Team Allocation, ,Exception,1,B37717,"HPMS.Kechichian, Kevork - NXF53803",IN-NDA02,_Resource Manager,RMC,0.025092496611970015,4.073570937
21366,2019-10-04 11:58:30,4.2,8928601,x84sljJzv,Team Allocation, ,Exception,1,ATP01668,HPMS.STI,AT-GRK01-s1,_Resource Manager,RC9,0.03442538511381424,4.4039100154
21373,2019-10-04 12:28:55,1.536,8931242,x84sljJzv,Team Allocation, ,Exception,1,NXA03850,HPMS.STI,IN-BLR01-s1,_Resource Manager,RC9,0.011723262424622138,2.9819316434
21416,2019-10-05 02:05:40,4.065,57196,x84sljJzv,Team Allocation, ,Exception,1,B04412,"HPMS.Kechichian, Kevork - NXF53803",IN-NDA02,_Resource Manager,RP2,0.011184606734910677,2.9054097039
21583,2019-10-07 14:23:54,1.38,8693462,x84sljJzv,Team Allocation, ,Exception,1,FRQ04777,"HPMS.Kechichian, Kevork - NXF53803",FR-CFR02-s1,_PM+RM,R25,0.03524194141797896,4.4238850333
21633,2019-10-08 06:53:14,1.684,60964,x84sljJzv,Team Allocation, ,Exception,1,B50270,HPMS.MICR,FR-MGI01,_Resource Manager,RMP,0.010213026180523955,2.757817646
21634,2019-10-08 06:56:49,2.745,8928343,x84sljJzv,Team Allocation, ,Exception,0,NXA04432,HPMS.STI,AT-GRK01-s1,_PM+RM,RC9,0.016223252065858874,3.4859270879
21660,2019-10-08 08:02:05,2.867,8798693,x84sljJzv,Team Allocation, ,Exception,1,NLV14076,HPMS.CBS,NL-HTC01-s1,_Resource Manager,R88,0.014944480600893999,3.3505524444
21766,2019-10-08 21:51:00,2.409,60790,x84sljJzv,Team Allocation, ,Exception,1,RA0857,HPMS.MICR,US-AUS01,_PMO+RM,RMC,0.019893826248534592,3.7824244774
21831,2019-10-09 10:56:57,4.334,9450573,x84sljJzv,Team Allocation, ,Exception,0,NLV05032,T&O.TO-FO,NL-NYM01-s1,_PMO+RM,R86,0.010619518338940164,2.8232172299
21867,2019-10-09 14:53:42,5.621,9450573,x84sljJzv,Team Allocation, ,Exception,0,NLV05032,T&O.TO-FO,NL-NYM01-s1,_PMO+RM,R86,0.008169135028979535,2.3489009858
21915,2019-10-09 21:26:10,4.729,56975,x84sljJzv,Team Allocation, ,Exception,0,B43180,"HPMS.Kechichian, Kevork - NXF53803",US-AUS01,_Resource Manager,RMC,0.05928927453651679,4.8875312797
21925,2019-10-09 23:50:52,1.892,64051,x84sljJzv,Team Allocation, ,Exception,1,R44498,HPMS.RPS,US-CHD01,_Resource Manager,RIN,0.009886546538351358,2.7056048919
21936,2019-10-10 03:14:01,8.314,61124,x84sljJzv,Team Allocation, ,Exception,0,B48121,"HPMS.Kechichian, Kevork - NXF53803",CN-SHA02,_Resource Manager,RMC,0.017617041522923944,3.6087301993
21959,2019-10-10 07:26:38,1.372,1487851,x84sljJzv,Team Allocation, ,Exception,1,B57812,HPMS.MICR,FR-MGI01,_Resource Manager,RMC,0.05162236092645922,4.7798482201
21979,2019-10-10 08:37:26,1.077,8700775,x84sljJzv,Team Allocation, ,Exception,1,NXF23910,HPMS.STI,AT-GRK01-s1,_Resource Manager,RC9,0.015542431280321707,3.412942428
21992,2019-10-10 09:17:39,1.198,8923134,x84sljJzv,Team Allocation, ,Exception,1,DEP16805,HPMS.CBS,DE-HBG02,_PM+RM,RD4,0.020475345786233706,3.8185724758
21993,2019-10-10 09:18:17,1.646,8709831,x84sljJzv,Team Allocation, ,Exception,1,NXP42905,HPMS.STI,AT-GRK01-s1,_Resource Manager,RC9,0.007968389340904042,2.3061762018
22018,2019-10-10 11:12:03,4.988,57207,x84sljJzv,Team Allocation, ,Exception,1,R63472,"HPMS.Kechichian, Kevork - NXF53803",IN-NDA02,_Resource Manager,RP2,0.03643784277683438,4.4531149435
22238,2019-10-11 07:34:52,3.102,3261824,x84sljJzv,Team Allocation, ,Exception,0,ATP50549,HPMS.STI,AT-GRK01-s1,_PMO+RM,RC9,0.037845920183228667,4.4788342263
22297,2019-10-11 10:26:40,1.908,61964,x84sljJzv,Team Allocation, ,Exception,1,R65119,HPMS.MICR,CN-SZH02,_Resource Manager,RMC,0.00802696993315383,2.3162859119
22327,2019-10-11 11:45:48,2.935,8686956,x84sljJzv,Team Allocation, ,Exception,1,DEP10669,HPMS.CBS,DE-HBG02,_PM+RM,RD4,0.07484313617630188,5.0548768174
22379,2019-10-11 13:42:06,1.756,8931120,x84sljJzv,Team Allocation, ,Exception,1,NXP86436,HPMS.STI,DE-HBG02,_PM+RM,RC9,0.27869216684609954,5.6214642898
22417,2019-10-11 15:07:11,1.738,61443,x84sljJzv,Team Allocation, ,Exception,1,B36665,"HPMS.Kechichian, Kevork - NXF53803",CN-TNJ04,_Resource Manager,RMC,0.010349476096617972,2.7829386545
22435,2019-10-11 16:14:23,0.891,59568,x84sljJzv,Team Allocation, ,Exception,1,RFVP50,HPMS.DN,US-AUS01,_PMO+RM,RNG,0.01027803634997189,2.7713269556
22541,2019-10-12 06:01:48,2.842,62370,x84sljJzv,Team Allocation, ,Exception,0,R65596,HPMS.OPS,US-AUS01,_Resource Manager,RMP,0.009036413553262977,2.5338981176
22543,2019-10-12 07:34:33,13.005,11066945,x84sljJzv,Team Allocation, ,Exception,1,SNEHA_DM,The Support IT.A Support PMO,NXP-REMOTE,_Core Team Support User,,0.007881947247462282,2.2851932827
22548,2019-10-12 12:36:51,2.897,56988,x84sljJzv,Team Allocation, ,Exception,0,B32849,"HPMS.Kechichian, Kevork - NXF53803",IN-NDA02,_Resource Manager,RP2,0.016031793544847375,3.4609618403
22597,2019-10-14 04:43:21,4.847,8699600,x84sljJzv,Team Allocation, ,Exception,0,NXA33177,HPMS.CBS,IN-BLR01-s1,_PM+RM,R88,0.010096579393490842,2.7396274042
22677,2019-10-14 09:26:54,3.574,245567140,x84sljJzv,Team Allocation, ,Exception,0,NXF51167,HPMS.STI,IN-BLR01-s1,_PM+RM,RC9,0.01838287560696995,3.6710283758
22702,2019-10-14 11:53:32,1.804,7631748,x84sljJzv,Team Allocation, ,Exception,1,NLV03630,HPMS.AAA,NL-NYM01-s1,_PMO+RM,R16,0.011276049610617664,2.9172926168
22732,2019-10-14 15:15:21,3.164,60790,x84sljJzv,Team Allocation, ,Exception,1,RA0857,HPMS.MICR,US-AUS01,_PMO+RM,RMC,0.012296923590190181,3.0521507759
22755,2019-10-14 22:56:12,1.753,64051,x84sljJzv,Team Allocation, ,Exception,1,R44498,HPMS.RPS,US-CHD01,_Resource Manager,RIN,0.008327016869067377,2.3847456783
22831,2019-10-15 11:29:57,6.758,8796234,x84sljJzv,Team Allocation, ,Exception,1,NLV04863,T&O.TO-FO,NL-NYM01-s1,_Resource Manager,REA,0.04633939166198142,4.6889875334
22906,2019-10-16 06:26:18,2.71,8723098,x84sljJzv,Team Allocation, ,Exception,1,NXP95428,HPMS.STI,FR-MGI01,_PM+RM,RC9,0.019702367727523092,3.7702048942
22942,2019-10-16 11:31:24,0.926,3265492,x84sljJzv,Team Allocation, ,Exception,1,ATP01088,HPMS.STI,AT-GRK01-s1,_PM+RM,RC9,0.012103321876779297,3.0282754334
22946,2019-10-16 12:34:08,0.867,8928343,x84sljJzv,Team Allocation, ,Exception,1,NXA04432,HPMS.STI,AT-GRK01-s1,_PM+RM,RC9,0.010397340726870848,2.7936557361
22955,2019-10-16 13:35:37,0.945,8798744,x84sljJzv,Team Allocation, ,Exception,1,NLV15624,T&O.SSC-GTI,NL-NYM01-s1,_PM+RM,RF9,0.02224705150305655,3.9282607934
22963,2019-10-16 13:53:58,4.576,60455,x84sljJzv,Team Allocation, ,Exception,0,B35906,HPMS.STI,IN-BLR01-s1,_PM+RM,RC9,0.01801424651427616,3.6404909137
23011,2019-10-17 06:11:06,2.508,61109,x84sljJzv,Team Allocation, ,Exception,1,R58550,"HPMS.Kechichian, Kevork - NXF53803",CN-SZH02,_Resource Manager,RMC,0.00870136114149285,2.4623812408
23015,2019-10-17 06:24:28,2.922,3261912,x84sljJzv,Team Allocation, ,Exception,1,ATP01692,HPMS.STI,AT-GRK01-s1,_Resource Manager,RC9,0.015739604981064897,3.4309673725
23020,2019-10-17 06:37:28,2.134,3261824,x84sljJzv,Team Allocation, ,Exception,1,ATP50549,HPMS.STI,AT-GRK01-s1,_PMO+RM,RC9,0.01589963001355212,3.4465369923
23098,2019-10-17 14:54:11,5.011,218847196,x84sljJzv,Team Allocation, ,Exception,0,NXF47067,T&O.TO-FO,US-AUS02,_Resource Manager,RAT,0.018215706599818113,3.6584980889
23114,2019-10-17 16:23:41,1.152,57002,x84sljJzv,Team Allocation, ,Exception,1,RA7689,T&O.SSC-GTI,US-AUS01,_PMO+RM,RF9,0.00876351372107494,2.4769550068
23131,2019-10-18 00:05:03,1.517,11661775,x84sljJzv,Team Allocation, ,Exception,1,DANIEL_DM,The Support IT.A Support PMO,NXP-REMOTE,_Core Team Support User,,0.008322730484268612,2.3840001475
23164,2019-10-18 08:25:25,6.819,8687255,x84sljJzv,Team Allocation, ,Exception,1,DEP10906,HPMS.STI,DE-HBG02,_PMO+RM,RC9,0.00947291040527054,2.6311490597
23165,2019-10-18 08:33:33,3.784,61103,x84sljJzv,Team Allocation, ,Exception,1,R53711,"HPMS.Kechichian, Kevork - NXF53803",CN-SZH02,_Resource Manager,RMC,0.03596776924390316,4.4438152595
23204,2019-10-18 10:40:13,6.327,219891802,x84sljJzv,Team Allocation, ,Exception,1,NXF47878,HPMS.STI,IN-BLR01-s1,_PM+RM,RC9,0.011921864920298248,3.0062167566
23206,2019-10-18 10:44:36,17.044,61107,x84sljJzv,Team Allocation, ,Exception,1,R63536,"HPMS.Kechichian, Kevork - NXF53803",CN-SZH02,_Resource Manager,RMC,0.036979356056411686,4.4604931799
23219,2019-10-18 11:44:02,1.943,8934457,x84sljJzv,Team Allocation, ,Exception,1,BEQ03367,HPMS.SIP,BE-LEU01-s1,_PMO+RM,R83,0.036983642441210454,4.4605603262
23259,2019-10-18 14:37:15,3.867,63126,x84sljJzv,Team Allocation, ,Exception,0,B37350,T&O.TO-PT,RU-MOW02,_PM+RM+Portfolio,RPT,0.01991811576239426,3.7839623212
23299,2019-10-18 21:30:48,0.761,58990,x84sljJzv,Team Allocation, ,Exception,1,R01330,"HPMS.Kechichian, Kevork - NXF53803",CA-KAN01,_PM+RM,RNG,0.00871993547562083,2.4659948315
23375,2019-10-21 07:02:42,2.603,7631748,x84sljJzv,Team Allocation, ,Exception,1,NLV03630,HPMS.AAA,NL-NYM01-s1,_PMO+RM,R16,0.01258053938437513,3.0898870508
23377,2019-10-21 07:15:33,17.966,60455,x84sljJzv,Team Allocation, ,Exception,1,B35906,HPMS.STI,IN-BLR01-s1,_PM+RM,RC9,0.008449893233298639,2.4077594156
23390,2019-10-21 07:59:23,2.752,61096,x84sljJzv,Team Allocation, ,Exception,1,R59183,"HPMS.Kechichian, Kevork - NXF53803",CN-SZH02,_Resource Manager,RMC,0.009041414335528202,2.5348142017
23431,2019-10-21 11:01:28,2.165,7631748,x84sljJzv,Team Allocation, ,Exception,1,NLV03630,HPMS.AAA,NL-NYM01-s1,_PMO+RM,R16,0.01740700866778446,3.588172273
23470,2019-10-21 14:07:20,4.214,218850700,x84sljJzv,Team Allocation, ,Exception,1,NXF47868,HPMS.STI,IN-BLR01-s1,_Resource Manager,RC9,0.013306367210299328,3.174389423
23513,2019-10-22 05:58:48,1.015,8923134,x84sljJzv,Team Allocation, ,Exception,1,DEP16805,HPMS.CBS,DE-HBG02,_PM+RM,RD4,0.00792266790305055,2.2933875391
23567,2019-10-22 10:39:55,2.085,3261948,x84sljJzv,Team Allocation, ,Exception,1,NXP62906,HPMS.STI,AT-GRK01-s1,_PMO+RM,RC9,0.010119440112417588,2.743655193
23578,2019-10-22 11:08:58,4.1,229199436,x84sljJzv,Team Allocation, ,Exception,0,NXF49204,HPMS.STI,AT-GRK01-s1,_Resource Manager,RC9,0.027414288377967697,4.1697851877
23579,2019-10-22 11:16:49,1.481,180994681,x84sljJzv,Team Allocation, ,Exception,1,NXF45479,HPMS.STI,DE-HBG02,_PM+RM,RC9,0.021551228370723707,3.884880216
23633,2019-10-23 05:45:24,3.685,8704768,x84sljJzv,Team Allocation, ,Exception,1,NXP25289,HPMS.CBS,DE-HBG02,_Resource Manager,RD4,0.008231287608561627,2.3673318744
23829,2019-10-24 15:21:37,2.326,8687255,x84sljJzv,Team Allocation, ,Exception,1,DEP10906,HPMS.STI,DE-HBG02,_PMO+RM,RC9,0.010046571570838584,2.731572232
23877,2019-10-25 07:21:37,1.409,8699600,x84sljJzv,Team Allocation, ,Exception,1,NXA33177,HPMS.CBS,IN-BLR01-s1,_PM+RM,R88,0.014298665291213413,3.2848623599
24036,2019-10-27 22:03:19,4.354,8693964,x84sljJzv,Team Allocation, ,Exception,0,FRQ06534,HPMS.MICR,FR-CFR02-s1,_Resource Manager,R25,0.029024540267370398,4.2283165453
24041,2019-10-28 04:32:40,4.736,8925514,x84sljJzv,Team Allocation, ,Exception,0,NXP29574,HPMS.OPS,AT-GRK01-s1,_Resource Manager,RC9,0.021876279217963385,3.9057437025
24178,2019-10-28 18:23:35,1.59,8721130,x84sljJzv,Team Allocation, ,Exception,1,NXP90806,HPMS.STI,US-SJO01-s1,_PM+RM,RC9,0.02952890487869174,4.2515010461
24197,2019-10-28 20:25:02,1.227,8930894,x84sljJzv,Team Allocation, ,Exception,1,NXP80343,HPMS.STI,US-SJO01-s1,_Resource Manager,RC9,0.00861634784298401,2.4437353804
24220,2019-10-29 06:56:30,2.106,280197763,x84sljJzv,Team Allocation, ,Exception,1,NXF54685,HPMS.STI,AT-GRK01-s1,_PMO+RM,RC9,0.008474897144624767,2.4135715361
24244,2019-10-29 09:06:17,2.012,60246,x84sljJzv,Team Allocation, ,Exception,1,R62660,HPMS.MICR,CN-BJS01,_PM+RM,RMC,0.009768670956385322,2.6848118499
24256,2019-10-29 10:01:40,5.994,11066945,x84sljJzv,Team Allocation, ,Exception,0,SNEHA_DM,The Support IT.A Support PMO,NXP-REMOTE,_Core Team Support User,,0.07103825526993152,5.0198316486
24268,2019-10-29 10:54:55,2.682,8794922,x84sljJzv,Team Allocation, ,Exception,0,NLV04220,HPMS.CBS,NL-NYM01-s1,_PM+RM,R88,0.12401511379280045,5.3427318353
24274,2019-10-29 11:49:19,1.295,1363400,x84sljJzv,Team Allocation, ,Exception,1,NLV20713,T&O.SSC-GTI,NL-NYM01-s1,_PM+RM,RF9,0.012184048790489373,3.0377478205
24342,2019-10-29 20:59:37,1.507,7210698,x84sljJzv,Team Allocation, ,Exception,1,NXF24866,HPMS.SEN,US-CHD01,_PM+RM,RSE,0.021733399724671216,3.8978677872
24418,2019-10-30 11:48:17,1.299,8559799,x84sljJzv,Team Allocation, ,Exception,1,NXP51469,HPMS.IDA,DE-HBG02,_Resource Manager,RRA,0.012232627818208707,3.0434697652
24456,2019-10-30 15:31:39,4.957,57218,x84sljJzv,Team Allocation, ,Exception,1,B37030,"HPMS.Kechichian, Kevork - NXF53803",IN-NDA02,_Resource Manager,RP2,0.008039114690083664,2.3186992316
24478,2019-10-30 20:34:09,2.083,8711508,x84sljJzv,Team Allocation, ,Exception,0,NXP52773,HPMS.CBS,AT-GRK01-s1,_PM+RM,RD4,0.13898174071515473,5.3938493084
24591,2019-11-01 02:48:39,1.822,8721442,x84sljJzv,Team Allocation, ,Exception,1,NXP90893,HPMS.STI,IN-BLR01-s1,_PM+RM,RC9,0.25701163253394643,5.5996997665
24682,2019-11-04 03:40:52,1.463,63454,x84sljJzv,Team Allocation, ,Exception,1,RA6351,T&O.TO-PT,US-AUS01,_Resource Manager,ROT,0.00845989479782909,2.4107788218
24689,2019-11-04 05:42:21,2.47,59703,x84sljJzv,Team Allocation, ,Exception,1,R55049,"HPMS.Kechichian, Kevork - NXF53803",IN-NDA02,_PMO+RM,RNG,0.013676425097926034,3.2184318693
24699,2019-11-04 06:34:43,2.153,8557595,x84sljJzv,Team Allocation, ,Exception,1,NXP99374,HPMS.IDA,IN-BLR01-s1,_Resource Manager,RA1,0.010089435418826231,2.7385143098
24757,2019-11-04 10:52:35,8.84,8556620,x84sljJzv,Team Allocation, ,Exception,1,DEP10304,HPMS.IDA,DE-HBG02,_Resource Manager,RRA,0.012877728730422833,3.1269034974
24817,2019-11-04 14:36:36,1.626,7210541,x84sljJzv,Team Allocation, ,Exception,1,DEP15373,HPMS.SEN,DE-HBG02,_PMO+RM,R53,0.012933451732806777,3.1326932863
24886,2019-11-05 05:05:24,2.026,59721,x84sljJzv,Team Allocation, ,Exception,1,B02759,"HPMS.Kechichian, Kevork - NXF53803",IN-BLR01-s1,_Resource Manager,RNG,0.02085254764852502,3.8420774132
24888,2019-11-05 06:44:55,29.545,59742,x84sljJzv,Team Allocation, ,Exception,0,R58653,"HPMS.Kechichian, Kevork - NXF53803",IN-NDA02,_PM+RM,RNG,0.024160207918238637,4.0291040784
24933,2019-11-05 12:53:11,3.622,9450612,x84sljJzv,Team Allocation, ,Exception,1,NLV04918,T&O.TO-FO,NL-NYM01-s1,_PMO+RM,R86,0.037780910013780734,4.4772527467
24976,2019-11-05 19:40:45,0.954,8922830,x84sljJzv,Team Allocation, ,Exception,1,NXP37459,HPMS.CBS,NL-HTC01-s1,_PM+RM,RD4,0.01407220129434533,3.2593918185
24997,2019-11-06 05:40:22,1.008,8700022,x84sljJzv,Team Allocation, ,Exception,1,NXF09116,HPMS.STI,US-SAN03,_PM+RM,RC9,0.028623763288685877,4.2142244173
25014,2019-11-06 08:26:25,0.819,289432369,x84sljJzv,Team Allocation, ,Exception,1,NXF56513,HPMS.IDA,DE-MUC02,_Resource Manager,RG3,0.01078954493595784,2.8481748927
25024,2019-11-06 09:20:08,1.786,9450574,x84sljJzv,Team Allocation, ,Exception,1,NLV04539,T&O.TO-FO,NL-NYM01-s1,_PMO+RM,R86,0.013967899264242052,3.2488773337
25074,2019-11-06 14:40:11,1.755,7210541,x84sljJzv,Team Allocation, ,Exception,1,DEP15373,HPMS.SEN,DE-HBG02,_PMO+RM,R53,0.02126832697400522,3.8688027869
25078,2019-11-06 14:51:18,6.294,3265355,x84sljJzv,Team Allocation, ,Exception,0,NXP32477,HPMS.STI,AT-GRK01-s1,_PM+RM,RC9,0.04221874707543538,4.6016507987
25085,2019-11-06 15:23:55,5.215,3265355,x84sljJzv,Team Allocation, ,Exception,1,NXP32477,HPMS.STI,AT-GRK01-s1,_PM+RM,RC9,0.010422344638196976,2.7960040875
25094,2019-11-06 15:53:48,1.601,8716071,x84sljJzv,Team Allocation, ,Exception,1,NXP82906,HPMS.STI,FR-CFR02-s1,_PM+RM,RC9,0.04588503487331233,4.6803986185
25096,2019-11-06 16:01:18,64.585,22945814,x84sljJzv,Team Allocation, ,Exception,0,NXF39853,T&O.TO-FO,US-AUS02,_PMO+RM,RAT,0.008867815751178221,2.4990259664
25106,2019-11-06 18:09:19,3.914,8721130,x84sljJzv,Team Allocation, ,Exception,1,NXP90806,HPMS.STI,US-SJO01-s1,_PM+RM,RC9,0.021131877057911204,3.8609766313
25113,2019-11-06 20:22:55,2.097,113455,x84sljJzv,Team Allocation, ,Exception,1,b45802,CORP.SSC-FA,US-AUS01,_Core Team User,R56,0.06023656557704385,4.8992680082
25127,2019-11-07 07:37:28,6.386,3261824,x84sljJzv,Team Allocation, ,Exception,0,ATP50549,HPMS.STI,AT-GRK01-s1,_PMO+RM,RC9,0.009684372055342946,2.6720641719
25171,2019-11-07 10:08:16,2.223,8798777,x84sljJzv,Team Allocation, ,Exception,1,NLV15950,T&O.TO-FO,NL-NYM01-s1,_Resource Manager,R86,0.01947304614078917,3.7535616544
25213,2019-11-07 12:50:59,4.444,8935758,x84sljJzv,Team Allocation, ,Exception,1,NXP49421,HPMS.STI,IN-BLR01-s1,_PM+RM,RC9,0.029843239763934507,4.2621029812
25246,2019-11-07 14:42:39,2.683,9450612,x84sljJzv,Team Allocation, ,Exception,1,NLV04918,T&O.TO-FO,NL-NYM01-s1,_PMO+RM,R86,0.009077848606317704,2.5416915308
25333,2019-11-08 05:48:06,2.256,61443,x84sljJzv,Team Allocation, ,Exception,1,B36665,"HPMS.Kechichian, Kevork - NXF53803",CN-TNJ04,_Resource Manager,RMC,0.017929233215767323,3.6339894799
25348,2019-11-08 08:34:32,1.648,61763,x84sljJzv,Team Allocation, ,Exception,1,B17931,HPMS.MICR,CN-SHA02,_Resource Manager,RMC,0.02953604885335635,4.2517451785
25364,2019-11-08 09:19:11,3.197,172413680,x84sljJzv,Team Allocation, ,Exception,1,NXF45085,HPMS.AAA,IN-HYD02,_Resource Manager,R16,0.015285962589862274,3.3885366096
25464,2019-11-08 16:58:38,3.825,11066939,x84sljJzv,Team Allocation, ,Exception,1,JANNINE_DM,The Support IT.A Support PMO,NXP-REMOTE,_Core Team Support User,,0.01472944696348929,3.3292769538
25465,2019-11-08 17:03:47,2.717,11066965,x84sljJzv,Team Allocation, ,Exception,1,DAVID_DM,The Support IT.A Support PMO,NXP-REMOTE,_Core Team Support User,,0.025222516950865886,4.0798746274
25504,2019-11-11 00:56:48,3.139,22267969,x84sljJzv,Team Allocation, ,Exception,1,NXF39086,HPMS.SIP,KR-SEO01-s1,_Resource Manager,R67,0.054851437474862146,4.8292658819
25585,2019-11-11 09:36:09,1.096,61657,x84sljJzv,Team Allocation, ,Exception,1,B23184,HPMS.MICR,CZ-BRQ01,_Resource Manager,RMC,0.025668300969937444,4.0998910756
